ACCOUNT_BALANCE_LOW,AGE,AVG_FAMILY_SIZE,Credit_card_limit,DEPOSIT_AMT,FIRST_NAME,GENDER,INACTIVE_CUST_FLAG,INCOME_LEVEL,Interest_rate,LAST_NAME,MARITAL_STATUS,NUM_DEPOSIT_TRX,NUM_OF_AVG_RESOLUTION,NUM_OF_COMPLAINTS,NUM_OF_ENQUIRIES,NUM_OF_GOOD_RESOLUTION,NUM_OF_POOR_RESOLUTION,NUM_OF_PROD_SUPRT,NUM_WDWL_TRX,OCCUPATION,WDWL_AMT,_id,create_date,customer_id,product_id,product_type,sentiment_polarity,sentiment_score
0.0,66.0,6,400000.0,9636.0,MARION,Male,N,Low,12.0,Collings,Married,1.0,0.0,0.0,0.0,0.0,0.0,0.0,0.0,Financial Advisor,0.0,59958e9be557cd6021558053,2017-08-17 12:39:38.192,22264,1284,credit card,neutral,0.0
0.0,61.0,3,100000.0,1060.0,TINE,Female,N,Medium,16.0,Broke,Married,1.0,0.0,1.0,0.0,0.0,0.0,1.0,0.0,General Manager,0.0,59958e9be557cd602155804e,2017-08-17 12:39:38.192,22275,82,credit card,negative,-2.0
1.0,53.0,2,300000.0,0.0,DORETTE,Female,N,High,15.0,Couling,Married,0.0,0.0,0.0,1.0,0.0,0.0,0.0,1.0,Software Test Engineer I,3992.0,59958e9be557cd6021558054,2017-08-17 12:39:38.192,22262,1831,credit card,negative,-1.0
0.0,32.0,5,300000.0,21776.0,WYATT,Male,N,Medium,15.0,Gingedale,Married,1.0,0.0,1.0,1.0,0.0,0.0,0.0,0.0,Tax Accountant,0.0,59958e9be557cd6021558056,2017-08-17 12:39:38.192,22254,3108,credit card,negative,-2.0
0.0,30.0,4,100000.0,33434.0,STEVY,Male,N,High,16.0,Huntly,Married,2.0,0.0,0.0,0.0,0.0,0.0,0.0,0.0,Electrical Engineer,0.0,59958e9be557cd6021558055,2017-08-17 12:39:38.192,22259,3076,credit card,neutral,0.0
1.0,28.0,3,100000.0,0.0,KINGSLEY,Male,N,Low,16.0,Glaisner,Married,0.0,0.0,0.0,0.0,0.0,0.0,1.0,0.0,Biostatistician I,0.0,59958e9be557cd6021558057,2017-08-17 12:39:38.192,22252,2667,credit card,negative,-1.0
0.0,61.0,2,800000.0,39410.0,LETIZIA,Female,N,Medium,18.0,Emanuelov,Married,4.0,0.0,0.0,0.0,0.0,0.0,1.0,0.0,Office Assistant IV,0.0,59958e9be557cd6021558059,2017-08-17 12:39:38.192,22245,3698,credit card,negative,-1.0
0.0,47.0,5,300000.0,13692.0,ONDREA,Female,N,High,15.0,Twizell,Married,1.0,0.0,0.0,0.0,0.0,0.0,0.0,0.0,Graphic Designer,0.0,59958e9be557cd602155805a,2017-08-17 12:39:38.192,22244,3368,credit card,neutral,0.0
0.0,66.0,3,300000.0,31298.0,RORY,Male,N,Low,15.0,Muzzlewhite,Married,2.0,0.0,0.0,0.0,0.0,0.0,0.0,1.0,Human Resources Manager,8779.0,59958e9be557cd6021558058,2017-08-17 12:39:38.192,22246,1682,credit card,neutral,0.0
1.0,56.0,2,100000.0,0.0,EZIECHIELE,Male,N,Low,16.0,Dufour,Married,0.0,0.0,1.0,0.0,0.0,0.0,1.0,0.0,Marketing Manager,0.0,59958e9be557cd602155805b,2017-08-17 12:39:38.192,22243,3851,credit card,neutral,0.0
0.0,30.0,3,100000.0,20204.0,NANCEE,Female,N,High,16.0,Mixer,Married,1.0,0.0,0.0,0.0,0.0,0.0,1.0,2.0,Analog Circuit Design manager,33793.0,59958e9be557cd602155805c,2017-08-17 12:39:38.192,22241,220,credit card,neutral,0.0
1.0,66.0,5,300000.0,0.0,JERE,Female,N,High,15.0,Delph,Married,0.0,0.0,0.0,0.0,0.0,0.0,0.0,2.0,Community Outreach Specialist,11613.0,59958e9be557cd602155805e,2017-08-17 12:39:38.192,22226,2109,credit card,neutral,0.0
1.0,37.0,2,300000.0,0.0,MARLEY,Female,N,Medium,15.0,Darrow,Married,0.0,0.0,0.0,0.0,0.0,0.0,1.0,0.0,Financial Analyst,0.0,59958e9be557cd602155805f,2017-08-17 12:39:38.192,22224,2366,credit card,neutral,0.0
0.0,59.0,6,400000.0,33843.0,HEDA,Female,N,Low,12.0,Laste,Married,2.0,0.0,0.0,0.0,0.0,0.0,0.0,0.0,Accounting Assistant IV,0.0,59958e9be557cd602155805d,2017-08-17 12:39:38.192,22231,4353,credit card,neutral,0.0
0.0,53.0,3,800000.0,21368.0,D'ARCY,Male,N,High,18.0,Babcock,Married,1.0,0.0,0.0,1.0,0.0,0.0,0.0,1.0,Payment Adjustment Coordinator,15616.0,59958e9be557cd6021558061,2017-08-17 12:39:38.192,22214,649,credit card,neutral,0.0
0.0,57.0,3,800000.0,3457.0,MICKY,Male,N,High,18.0,McCool,Married,1.0,0.0,0.0,0.0,0.0,0.0,0.0,0.0,Human Resources Assistant II,0.0,59958e9be557cd6021558060,2017-08-17 12:39:38.192,22217,776,credit card,neutral,0.0
1.0,54.0,6,100000.0,0.0,BAIL,Male,N,Medium,16.0,Hawkshaw,Married,0.0,0.0,1.0,0.0,0.0,0.0,0.0,0.0,Desktop Support Technician,0.0,59958e9be557cd6021558062,2017-08-17 12:39:38.192,22212,1341,credit card,neutral,0.0
1.0,57.0,2,100000.0,0.0,ROZ,Female,N,High,16.0,Waller-Bridge,Married,0.0,0.0,0.0,0.0,0.0,0.0,0.0,1.0,Senior Sales Associate,11388.0,59958e9be557cd6021558064,2017-08-17 12:39:38.192,22208,4862,credit card,neutral,0.0
1.0,57.0,4,100000.0,0.0,ISAIAH,Male,N,Low,16.0,Gepp,Married,0.0,0.0,0.0,0.0,0.0,0.0,1.0,1.0,Business Systems Development Analyst,7226.0,59958e9be557cd6021558063,2017-08-17 12:39:38.192,22210,4380,credit card,neutral,0.0
1.0,52.0,5,800000.0,0.0,KERIANN,Female,N,Medium,18.0,Chalkly,Married,0.0,0.0,0.0,1.0,0.0,0.0,0.0,0.0,Graphic Designer,0.0,59958e9be557cd602155804c,2017-08-17 12:39:38.192,22281,1454,credit card,negative,-1.0
1.0,37.0,2,300000.0,0.0,GARV,Male,N,Medium,15.0,Koeppke,Married,0.0,0.0,0.0,0.0,0.0,0.0,0.0,1.0,VP Marketing,18607.0,59958e9be557cd6021558050,2017-08-17 12:39:38.192,22272,1366,credit card,neutral,0.0
1.0,30.0,2,100000.0,0.0,NAHUM,Male,N,High,16.0,Brundrett,Married,0.0,0.0,0.0,0.0,0.0,0.0,0.0,2.0,Human Resources Assistant IV,36231.0,59958e9be557cd602155804f,2017-08-17 12:39:38.192,22274,3198,credit card,neutral,0.0
0.0,50.0,2,100000.0,20973.0,FARAND,Female,N,Medium,16.0,Lennard,Married,2.0,0.0,0.0,0.0,0.0,0.0,0.0,2.0,Accounting Assistant III,22664.0,59958e9be557cd602155804d,2017-08-17 12:39:38.192,22278,3848,credit card,neutral,0.0
0.0,54.0,6,100000.0,24070.0,NOAK,Male,N,High,16.0,Gaw,Married,1.0,0.0,0.0,0.0,0.0,0.0,0.0,0.0,Pharmacist,0.0,59958e9be557cd6021558052,2017-08-17 12:39:38.192,22268,1819,credit card,neutral,0.0
0.0,40.0,6,300000.0,19224.0,MEAGAN,Female,N,High,15.0,Farndon,Married,1.0,0.0,0.0,0.0,0.0,0.0,0.0,0.0,Environmental Tech,0.0,59958e9be557cd6021558051,2017-08-17 12:39:38.192,22271,4859,credit card,neutral,0.0
0.0,32.0,5,300000.0,7405.0,JONATHON,Male,N,Low,15.0,Mates,Married,1.0,0.0,0.0,0.0,0.0,0.0,0.0,3.0,Help Desk Operator,15775.0,59958e9be557cd6021558066,2017-08-17 12:39:38.192,22207,3701,credit card,neutral,0.0
1.0,29.0,6,100000.0,0.0,MANDY,Female,N,Medium,16.0,Ouldcott,Married,0.0,0.0,0.0,0.0,0.0,0.0,0.0,2.0,Speech Pathologist,21618.0,59958e9be557cd6021558067,2017-08-17 12:39:38.192,22203,851,credit card,neutral,0.0
0.0,60.0,5,300000.0,3517.0,LORILYN,Female,N,High,15.0,Snodin,Married,1.0,0.0,1.0,1.0,0.0,0.0,1.0,0.0,Accountant I,0.0,59958e9be557cd6021558068,2017-08-17 12:39:38.192,22202,1393,credit card,negative,-3.0
1.0,59.0,4,100000.0,0.0,CARMELITA,Female,N,High,16.0,Dmitrienko,Married,0.0,0.0,0.0,0.0,0.0,0.0,0.0,2.0,Account Coordinator,24001.0,59958e9be557cd6021558065,2017-08-17 12:39:38.192,22253,1108,credit card,neutral,0.0
0.0,36.0,6,100000.0,36192.0,CARLEEN,Female,N,High,16.0,Doumerc,Married,2.0,0.0,0.0,0.0,0.0,0.0,0.0,0.0,GIS Technical Architect,0.0,59958e9be557cd6021558069,2017-08-17 12:39:38.192,22199,2304,credit card,neutral,0.0
1.0,58.0,4,300000.0,0.0,DALSTON,Male,N,High,15.0,Cheevers,Married,0.0,0.0,0.0,1.0,0.0,0.0,0.0,1.0,Assistant Media Planner,19746.0,59958e9be557cd602155806b,2017-08-17 12:39:38.192,22193,4053,credit card,negative,-1.0
0.0,23.0,3,100000.0,6182.0,SIBELLA,Female,N,Medium,16.0,Thickins,Single,1.0,0.0,0.0,0.0,0.0,0.0,0.0,1.0,Administrative Assistant IV,1637.0,59958e9be557cd602155806a,2017-08-17 12:39:38.192,22197,750,credit card,neutral,0.0
0.0,25.0,3,100000.0,11802.0,FRANK,Male,N,Medium,16.0,Carbert,Single,1.0,0.0,0.0,0.0,0.0,0.0,1.0,1.0,Structural Engineer,18490.0,59958e9be557cd602155806d,2017-08-17 12:39:38.192,21688,3205,credit card,positive,1.0
0.0,47.0,4,300000.0,19851.0,BRION,Male,N,High,15.0,Bortolozzi,Married,1.0,0.0,0.0,0.0,0.0,0.0,0.0,3.0,Software Consultant,25501.0,59958e9be557cd602155806c,2017-08-17 12:39:38.192,21785,1133,credit card,neutral,0.0
1.0,66.0,3,100000.0,0.0,QUINTA,Female,N,High,16.0,Titta,Married,0.0,0.0,0.0,1.0,0.0,0.0,0.0,1.0,Executive Secretary,12648.0,59958e9be557cd602155806e,2017-08-17 12:39:38.192,21943,4063,credit card,positive,1.0
1.0,51.0,5,100000.0,0.0,WARING,Male,N,Medium,16.0,Mallinder,Married,0.0,0.0,0.0,0.0,0.0,0.0,0.0,1.0,Geologist I,3399.0,59958e9be557cd6021558070,2017-08-17 12:39:38.192,22093,3918,credit card,neutral,0.0
0.0,55.0,2,300000.0,3066.0,GLENNIS,Female,N,Low,15.0,Ramel,Married,1.0,0.0,0.0,0.0,0.0,0.0,0.0,1.0,Senior Quality Engineer,21863.0,59958e9be557cd602155806f,2017-08-17 12:39:38.192,21981,2831,credit card,neutral,0.0
0.0,63.0,3,100000.0,20717.0,LILLI,Female,N,Medium,16.0,Crook,Married,1.0,0.0,1.0,0.0,0.0,0.0,0.0,0.0,Technical Writer,0.0,59958e9be557cd6021558076,2017-08-17 12:39:38.192,21664,927,credit card,positive,1.0
0.0,55.0,3,100000.0,18523.0,ROBINIA,Female,N,Medium,16.0,Losebie,Married,1.0,0.0,0.0,0.0,0.0,0.0,0.0,0.0,VP Marketing,0.0,59958e9be557cd6021558077,2017-08-17 12:39:38.192,21470,1790,credit card,neutral,0.0
1.0,55.0,2,100000.0,0.0,KATALIN,Female,N,Medium,16.0,Tatchell,Married,0.0,0.0,1.0,1.0,0.0,0.0,0.0,1.0,Administrative Assistant I,7616.0,59958e9be557cd6021558079,2017-08-17 12:39:38.192,22188,4133,credit card,negative,-2.0
0.0,58.0,4,300000.0,20405.0,UDALE,Male,N,Low,15.0,Entwisle,Married,2.0,0.0,0.0,0.0,0.0,0.0,0.0,1.0,Biostatistician III,21599.0,59958e9be557cd6021558078,2017-08-17 12:39:38.192,21802,1541,credit card,neutral,0.0
1.0,26.0,2,100000.0,0.0,TULL,Male,N,Low,16.0,Hardway,Single,0.0,0.0,0.0,0.0,0.0,0.0,0.0,1.0,Payment Adjustment Coordinator,3659.0,59958e9be557cd6021558074,2017-08-17 12:39:38.192,21775,3601,credit card,neutral,0.0
0.0,56.0,2,800000.0,51433.0,ROCKWELL,Male,N,Medium,18.0,Restill,Married,4.0,0.0,0.0,0.0,0.0,0.0,0.0,1.0,Programmer Analyst III,11463.0,59958e9be557cd602155807a,2017-08-17 12:39:38.192,22191,4041,credit card,neutral,0.0
1.0,54.0,4,800000.0,0.0,JULINE,Female,N,Low,18.0,Feathersby,Married,0.0,0.0,1.0,1.0,0.0,0.0,0.0,3.0,Senior Financial Analyst,20501.0,59958e9be557cd602155807d,2017-08-17 12:39:38.192,21847,2288,credit card,positive,2.0
0.0,51.0,4,800000.0,7118.0,JEFFY,Male,N,High,18.0,Ivankovic,Married,1.0,0.0,0.0,0.0,0.0,0.0,0.0,0.0,Physical Therapy Assistant,0.0,59958e9be557cd602155807c,2017-08-17 12:39:38.192,21767,3422,credit card,neutral,0.0
1.0,34.0,6,100000.0,0.0,HEINRIK,Male,N,High,16.0,Stopforth,Married,0.0,0.0,0.0,0.0,0.0,0.0,1.0,1.0,Senior Developer,22113.0,59958e9be557cd602155807b,2017-08-17 12:39:38.192,21761,1461,credit card,positive,1.0
0.0,36.0,3,100000.0,16779.0,THERESINA,Female,N,Medium,16.0,Hek,Married,2.0,0.0,0.0,0.0,0.0,0.0,0.0,0.0,Health Coach III,0.0,59958e9be557cd602155807f,2017-08-17 12:39:38.192,21869,2748,credit card,neutral,0.0
0.0,34.0,4,300000.0,23793.0,ANTIN,Male,N,Medium,15.0,Roggero,Married,3.0,0.0,0.0,0.0,0.0,0.0,0.0,2.0,Electrical Engineer,36682.0,59958e9be557cd6021558080,2017-08-17 12:39:38.192,22075,2383,credit card,neutral,0.0
0.0,47.0,6,300000.0,1990.0,RUY,Male,N,Medium,15.0,Awdry,Married,1.0,0.0,0.0,0.0,0.0,0.0,0.0,0.0,GIS Technical Architect,0.0,59958e9be557cd6021558081,2017-08-17 12:39:38.192,21753,2162,credit card,neutral,0.0
0.0,24.0,2,300000.0,30202.0,ELWOOD,Male,N,High,15.0,Pyke,Single,2.0,0.0,0.0,1.0,0.0,0.0,0.0,0.0,Account Coordinator,0.0,59958e9be557cd602155807e,2017-08-17 12:39:38.192,21758,2538,credit card,positive,1.0
0.0,24.0,5,100000.0,5023.0,COURTNAY,Female,N,High,16.0,Strickett,Single,1.0,0.0,0.0,0.0,0.0,0.0,0.0,1.0,Project Manager,2303.0,59958e9be557cd6021558082,2017-08-17 12:39:38.192,21752,4790,credit card,neutral,0.0
0.0,58.0,3,300000.0,38576.0,MONIQUE,Female,N,Low,15.0,Vipan,Married,3.0,0.0,0.0,0.0,0.0,0.0,0.0,0.0,Senior Editor,0.0,59958e9be557cd6021558071,2017-08-17 12:39:38.192,22228,3809,credit card,neutral,0.0
0.0,44.0,3,300000.0,1115.0,BERNARD,Male,N,High,15.0,Plumer,Married,1.0,0.0,0.0,0.0,0.0,0.0,0.0,0.0,Electrical Engineer,0.0,59958e9be557cd6021558083,2017-08-17 12:39:38.192,21746,3655,credit card,neutral,0.0
1.0,43.0,5,100000.0,0.0,HAM,Male,N,High,16.0,Mollitt,Married,0.0,0.0,0.0,1.0,0.0,0.0,0.0,2.0,VP Quality Control,27604.0,59958e9be557cd6021558073,2017-08-17 12:39:38.192,21818,2377,credit card,positive,1.0
1.0,23.0,3,100000.0,0.0,MARCELIA,Female,N,High,16.0,Kondratyuk,Single,0.0,0.0,1.0,0.0,0.0,0.0,0.0,0.0,Actuary,0.0,59958e9be557cd6021558084,2017-08-17 12:39:38.192,22095,394,credit card,negative,-1.0
1.0,34.0,2,100000.0,0.0,MELISENT,Female,N,High,16.0,Kolakovic,Married,0.0,0.0,1.0,1.0,0.0,0.0,1.0,2.0,Senior Developer,35971.0,59958e9be557cd6021558085,2017-08-17 12:39:38.192,21731,4745,credit card,positive,1.0
1.0,36.0,5,50000.0,0.0,LORRI,Female,N,High,18.0,Antczak,Married,0.0,0.0,0.0,0.0,0.0,0.0,1.0,0.0,Software Engineer IV,0.0,59958e9be557cd6021558086,2017-08-17 12:39:38.192,21293,4096,credit card,positive,1.0
1.0,57.0,6,100000.0,0.0,GAUTHIER,Male,N,Medium,16.0,Gothrup,Married,0.0,0.0,0.0,1.0,0.0,0.0,1.0,3.0,Nurse,33603.0,59958e9be557cd6021558075,2017-08-17 12:39:38.192,21774,4198,credit card,positive,2.0
0.0,43.0,2,100000.0,17823.0,LINOEL,Male,N,Medium,16.0,Gaish,Married,1.0,0.0,0.0,0.0,0.0,0.0,0.0,3.0,Information Systems Manager,43587.0,59958e9be557cd6021558072,2017-08-17 12:39:38.192,21792,4590,credit card,neutral,0.0
1.0,48.0,2,300000.0,0.0,MARIBELLE,Female,N,High,15.0,McCosker,Married,0.0,0.0,0.0,0.0,0.0,0.0,1.0,2.0,Senior Cost Accountant,24422.0,59958e9be557cd6021558087,2017-08-17 12:39:38.192,21722,654,credit card,positive,1.0
0.0,33.0,4,100000.0,17121.0,INGAR,Male,N,High,16.0,Whittle,Married,1.0,0.0,0.0,0.0,0.0,0.0,0.0,0.0,Librarian,0.0,59958e9be557cd6021558089,2017-08-17 12:39:38.192,21696,3571,credit card,neutral,0.0
0.0,66.0,5,100000.0,23113.0,SHERILYN,Female,N,High,16.0,MacAlpin,Married,1.0,0.0,0.0,0.0,0.0,0.0,0.0,1.0,Media Manager IV,7792.0,59958e9be557cd602155808a,2017-08-17 12:39:38.192,21913,1775,credit card,neutral,0.0
0.0,54.0,5,100000.0,39696.0,DANYA,Male,N,High,16.0,Bridge,Married,2.0,0.0,0.0,0.0,0.0,0.0,0.0,4.0,Structural Engineer,55309.0,59958e9be557cd602155808b,2017-08-17 12:39:38.192,21717,76,credit card,neutral,0.0
1.0,62.0,2,300000.0,0.0,MELANTHA,Female,N,Low,15.0,Martellini,Married,0.0,0.0,0.0,0.0,0.0,0.0,0.0,1.0,Database Administrator III,21632.0,59958e9be557cd6021558088,2017-08-17 12:39:38.192,21719,3565,credit card,neutral,0.0
1.0,42.0,6,100000.0,0.0,LILYAN,Female,N,High,16.0,Sillwood,Married,0.0,0.0,0.0,1.0,0.0,0.0,0.0,1.0,Actuary,21487.0,59958e9be557cd602155808e,2017-08-17 12:39:38.192,21708,350,credit card,positive,1.0
0.0,33.0,3,100000.0,5708.0,EVITA,Female,N,Low,16.0,Maulin,Married,1.0,0.0,0.0,0.0,0.0,0.0,0.0,3.0,Staff Accountant IV,44294.0,59958e9be557cd602155808c,2017-08-17 12:39:38.192,21713,1745,credit card,neutral,0.0
0.0,46.0,6,300000.0,70587.0,OLLIE,Male,N,Medium,15.0,Weyland,Married,4.0,0.0,0.0,1.0,0.0,0.0,0.0,0.0,Quality Engineer,0.0,59958e9be557cd602155808d,2017-08-17 12:39:38.192,21831,193,credit card,positive,1.0
0.0,30.0,2,800000.0,9371.0,KASS,Female,N,Low,18.0,Olyonov,Married,1.0,0.0,1.0,0.0,0.0,0.0,0.0,0.0,General Manager,0.0,59958e9be557cd6021558092,2017-08-17 12:39:38.192,21558,1323,credit card,positive,1.0
1.0,34.0,2,300000.0,0.0,PIP,Male,N,Medium,15.0,Grahlmans,Married,0.0,0.0,0.0,1.0,0.0,0.0,0.0,0.0,Assistant Manager,0.0,59958e9be557cd602155808f,2017-08-17 12:39:38.192,21423,1099,credit card,positive,1.0
0.0,29.0,4,300000.0,16321.0,DIONYSUS,Male,N,Medium,15.0,Capp,Married,1.0,0.0,0.0,1.0,0.0,0.0,1.0,2.0,Occupational Therapist,17718.0,59958e9be557cd6021558090,2017-08-17 12:39:38.192,21706,831,credit card,positive,2.0
0.0,36.0,2,100000.0,7409.0,CHRISTEL,Female,N,High,16.0,Russen,Married,1.0,0.0,0.0,0.0,0.0,0.0,0.0,0.0,Senior Sales Associate,0.0,59958e9be557cd6021558091,2017-08-17 12:39:38.192,21705,2579,credit card,neutral,0.0
0.0,35.0,5,100000.0,47159.0,TANN,Male,N,High,16.0,Shearwood,Married,3.0,0.0,0.0,0.0,0.0,0.0,0.0,0.0,Financial Analyst,0.0,59958e9be557cd6021558093,2017-08-17 12:39:38.192,21699,1387,credit card,neutral,0.0
1.0,54.0,5,100000.0,0.0,LURLINE,Female,N,Low,16.0,Cookney,Married,0.0,0.0,2.0,1.0,0.0,0.0,2.0,2.0,Junior Executive,19027.0,59958e9be557cd6021558095,2017-08-17 12:39:38.192,21796,1904,credit card,positive,5.0
1.0,63.0,5,300000.0,0.0,GRAYCE,Female,N,High,15.0,Soppeth,Married,0.0,0.0,0.0,0.0,0.0,0.0,0.0,1.0,Nurse Practicioner,19657.0,59958e9be557cd6021558094,2017-08-17 12:39:38.192,22149,3867,credit card,neutral,0.0
0.0,64.0,5,100000.0,18858.0,ISAC,Male,N,Low,16.0,Towlson,Married,2.0,0.0,0.0,0.0,0.0,0.0,1.0,0.0,Marketing Manager,0.0,59958e9be557cd6021558099,2017-08-17 12:39:38.192,22058,21,credit card,positive,1.0
0.0,44.0,5,100000.0,13838.0,FIORENZE,Female,N,High,16.0,Borzoni,Married,1.0,0.0,1.0,0.0,0.0,0.0,1.0,1.0,Engineer II,9935.0,59958e9be557cd6021558097,2017-08-17 12:39:38.192,21952,3919,credit card,positive,2.0
0.0,60.0,6,100000.0,32686.0,ALAMEDA,Female,N,Low,16.0,Gater,Married,2.0,0.0,0.0,0.0,0.0,0.0,0.0,1.0,Community Outreach Specialist,19543.0,59958e9be557cd602155809b,2017-08-17 12:39:38.192,21683,3394,credit card,neutral,0.0
0.0,56.0,2,100000.0,8338.0,NIKOLAS,Male,N,High,16.0,Muslim,Married,1.0,0.0,1.0,0.0,0.0,0.0,0.0,1.0,Product Engineer,16931.0,59958e9be557cd602155809e,2017-08-17 12:39:38.192,21419,3988,credit card,positive,1.0
0.0,58.0,5,300000.0,2689.0,FERNANDO,Male,N,High,15.0,Gunstone,Married,1.0,0.0,1.0,0.0,0.0,0.0,0.0,2.0,Environmental Tech,43478.0,59958e9be557cd60215580a0,2017-08-17 12:39:38.192,22211,1823,credit card,neutral,0.0
0.0,56.0,4,100000.0,22040.0,SAL,Female,N,Low,16.0,Renneke,Married,2.0,0.0,0.0,0.0,0.0,0.0,0.0,0.0,Web Designer II,0.0,59958e9be557cd60215580a1,2017-08-17 12:39:38.192,21677,1319,credit card,neutral,0.0
0.0,66.0,4,100000.0,16637.0,KARIM,Male,N,Low,16.0,Attrey,Married,1.0,0.0,0.0,0.0,0.0,0.0,0.0,1.0,Biostatistician II,4748.0,59958e9be557cd6021558096,2017-08-17 12:39:38.192,21891,3930,credit card,neutral,0.0
0.0,44.0,5,800000.0,16260.0,SHEILAH,Female,N,Low,18.0,MacCracken,Married,1.0,0.0,0.0,0.0,0.0,0.0,0.0,0.0,Community Outreach Specialist,0.0,59958e9be557cd602155809f,2017-08-17 12:39:38.192,21689,1376,credit card,neutral,0.0
1.0,37.0,6,100000.0,0.0,TADIO,Male,N,High,16.0,Jansens,Married,0.0,0.0,0.0,0.0,0.0,0.0,1.0,2.0,Project Manager,18265.0,59958e9be557cd60215580a4,2017-08-17 12:39:38.192,21666,2786,credit card,positive,1.0
0.0,41.0,4,100000.0,13224.0,SOPHEY,Female,N,Low,16.0,Maciunas,Married,2.0,0.0,0.0,0.0,0.0,0.0,1.0,0.0,Help Desk Technician,0.0,59958e9be557cd60215580a5,2017-08-17 12:39:38.192,21692,3377,credit card,positive,1.0
0.0,29.0,5,300000.0,21036.0,JAE,Male,N,High,15.0,Lawdham,Married,2.0,0.0,1.0,0.0,0.0,0.0,1.0,2.0,Accountant I,28294.0,59958e9be557cd60215580a2,2017-08-17 12:39:38.192,21693,2542,credit card,neutral,0.0
1.0,58.0,2,100000.0,0.0,AARON,Male,N,Medium,16.0,Blaker,Married,0.0,0.0,0.0,0.0,0.0,0.0,1.0,2.0,Database Administrator II,39589.0,59958e9be557cd60215580a3,2017-08-17 12:39:38.192,21667,4835,credit card,positive,1.0
0.0,35.0,6,100000.0,9242.0,PEARCE,Male,N,Medium,16.0,Bearns,Married,1.0,0.0,1.0,0.0,0.0,0.0,0.0,2.0,Web Developer II,48136.0,59958e9be557cd60215580a6,2017-08-17 12:39:38.192,21658,3495,credit card,positive,1.0
0.0,46.0,4,100000.0,18547.0,ARNI,Male,N,Low,16.0,Gorrick,Married,1.0,0.0,0.0,0.0,0.0,0.0,0.0,0.0,VP Product Management,0.0,59958e9be557cd60215580a9,2017-08-17 12:39:38.192,21993,4750,credit card,neutral,0.0
1.0,39.0,3,300000.0,0.0,GAMALIEL,Male,N,Low,15.0,Hallgarth,Married,0.0,0.0,0.0,0.0,0.0,0.0,0.0,2.0,Civil Engineer,27590.0,59958e9be557cd60215580a8,2017-08-17 12:39:38.192,21656,4455,credit card,neutral,0.0
1.0,55.0,6,100000.0,0.0,EDSEL,Male,N,High,16.0,McIlwrick,Married,0.0,0.0,1.0,0.0,0.0,0.0,0.0,3.0,Health Coach II,35856.0,59958e9be557cd60215580a7,2017-08-17 12:39:38.192,21871,2745,credit card,positive,1.0
0.0,53.0,4,100000.0,66490.0,RENATA,Female,N,Medium,16.0,Pardon,Married,4.0,0.0,0.0,1.0,0.0,0.0,0.0,0.0,Analog Circuit Design manager,0.0,59958e9be557cd60215580ac,2017-08-17 12:39:38.192,21825,4284,credit card,positive,1.0
1.0,59.0,2,100000.0,0.0,CHANDRA,Female,N,High,16.0,Fox,Married,0.0,0.0,0.0,0.0,0.0,0.0,0.0,1.0,Editor,22509.0,59958e9be557cd60215580aa,2017-08-17 12:39:38.192,21469,2782,credit card,neutral,0.0
1.0,52.0,2,300000.0,0.0,SHEEREE,Female,N,High,15.0,Vinau,Married,0.0,0.0,0.0,0.0,0.0,0.0,0.0,1.0,Pharmacist,21001.0,59958e9be557cd60215580ab,2017-08-17 12:39:38.192,21508,3287,credit card,neutral,0.0
0.0,65.0,2,800000.0,53985.0,RUSTY,Male,N,Low,18.0,Wright,Married,3.0,0.0,0.0,0.0,0.0,0.0,0.0,1.0,Nuclear Power Engineer,20246.0,59958e9be557cd60215580ae,2017-08-17 12:39:38.192,22118,110,credit card,neutral,0.0
0.0,38.0,6,300000.0,17704.0,CORI,Female,N,High,15.0,Gallacher,Married,1.0,0.0,0.0,0.0,0.0,0.0,0.0,4.0,Paralegal,34617.0,59958e9be557cd60215580ad,2017-08-17 12:39:38.192,22032,444,credit card,neutral,0.0
1.0,60.0,3,100000.0,0.0,BEATRIX,Female,N,Medium,16.0,Prise,Married,0.0,0.0,0.0,0.0,0.0,0.0,1.0,0.0,Developer I,0.0,59958e9be557cd6021558098,2017-08-17 12:39:38.192,21691,2488,credit card,positive,1.0
0.0,59.0,3,400000.0,53089.0,SHELL,Male,N,Medium,12.0,Turbitt,Married,4.0,0.0,1.0,1.0,0.0,0.0,0.0,0.0,Help Desk Operator,0.0,59958e9be557cd602155809a,2017-08-17 12:39:38.192,21685,2893,credit card,neutral,0.0
0.0,56.0,6,100000.0,32465.0,LON,Male,N,Low,16.0,Hars,Married,3.0,0.0,0.0,0.0,0.0,0.0,0.0,5.0,Statistician I,65308.0,59958e9be557cd60215580af,2017-08-17 12:39:38.192,21641,4402,credit card,neutral,0.0
1.0,24.0,4,100000.0,0.0,LOTTI,Female,N,High,16.0,Blanket,Single,0.0,0.0,0.0,0.0,0.0,0.0,0.0,3.0,Recruiting Manager,42866.0,59958e9be557cd602155809c,2017-08-17 12:39:38.192,21407,3350,credit card,neutral,0.0
0.0,58.0,6,300000.0,3446.0,CHARLENE,Female,N,Medium,15.0,McNeilly,Married,1.0,0.0,0.0,0.0,0.0,0.0,0.0,0.0,Legal Assistant,0.0,59958e9be557cd60215580b0,2017-08-17 12:39:38.192,22117,2544,credit card,neutral,0.0
0.0,61.0,6,400000.0,21042.0,MELINDE,Female,N,Medium,12.0,Welldrake,Married,2.0,0.0,1.0,0.0,0.0,0.0,1.0,0.0,Account Representative I,0.0,59958e9be557cd60215580b1,2017-08-17 12:39:38.192,21637,885,credit card,positive,2.0
0.0,44.0,5,300000.0,51552.0,LUELLA,Female,N,High,15.0,Sailer,Married,5.0,0.0,0.0,0.0,0.0,0.0,1.0,1.0,Senior Financial Analyst,16652.0,59958e9be557cd60215580b3,2017-08-17 12:39:38.192,21547,3444,credit card,positive,1.0
0.0,46.0,3,100000.0,37011.0,ASHIA,Female,N,Low,16.0,McGillreich,Married,2.0,0.0,0.0,0.0,0.0,0.0,0.0,1.0,VP Accounting,18165.0,59958e9be557cd60215580b2,2017-08-17 12:39:38.192,21742,4613,credit card,neutral,0.0
1.0,63.0,2,300000.0,0.0,ELBERTA,Female,N,High,15.0,Bosomworth,Married,0.0,0.0,0.0,0.0,0.0,0.0,0.0,1.0,Computer Systems Analyst III,20070.0,59958e9be557cd60215580b4,2017-08-17 12:39:38.192,21991,2427,credit card,neutral,0.0
1.0,65.0,3,300000.0,0.0,CARMELLA,Female,N,Medium,15.0,Waterfall,Married,0.0,0.0,0.0,1.0,0.0,0.0,0.0,1.0,Assistant Media Planner,17248.0,59958e9be557cd60215580b5,2017-08-17 12:39:38.192,21634,1021,credit card,positive,1.0
1.0,49.0,5,100000.0,0.0,GUY,Male,N,Medium,16.0,Deschelle,Married,0.0,0.0,0.0,0.0,0.0,0.0,1.0,0.0,Registered Nurse,0.0,59958e9be557cd60215580b6,2017-08-17 12:39:38.192,22120,684,credit card,negative,-1.0
0.0,46.0,3,800000.0,22021.0,DARBY,Male,N,High,18.0,Pina,Married,1.0,0.0,0.0,0.0,0.0,0.0,0.0,2.0,Editor,44135.0,59958e9be557cd602155809d,2017-08-17 12:39:38.192,21982,288,credit card,neutral,0.0
1.0,61.0,3,300000.0,0.0,TUCKIE,Male,N,Medium,15.0,Hortop,Married,0.0,0.0,0.0,0.0,0.0,0.0,0.0,3.0,Director of Sales,54161.0,59958e9be557cd60215580b8,2017-08-17 12:39:38.192,21485,4878,credit card,neutral,0.0
0.0,28.0,2,800000.0,18545.0,MAXY,Male,N,High,18.0,Jacketts,Married,1.0,0.0,0.0,0.0,0.0,0.0,0.0,0.0,Programmer I,0.0,59958e9be557cd60215580b7,2017-08-17 12:39:38.192,21633,422,credit card,neutral,0.0
0.0,60.0,5,400000.0,18390.0,JANET,Female,N,Medium,12.0,Loughrey,Married,1.0,0.0,0.0,0.0,0.0,0.0,0.0,3.0,Financial Advisor,44340.0,59958e9be557cd60215580b9,2017-08-17 12:39:38.192,21977,1579,credit card,neutral,0.0
0.0,31.0,6,100000.0,19110.0,QUINT,Male,N,Low,16.0,Mirfin,Married,2.0,0.0,0.0,1.0,0.0,0.0,0.0,1.0,Staff Accountant III,11064.0,59958e9be557cd60215580ba,2017-08-17 12:39:38.192,22282,3293,credit card,negative,-1.0
1.0,58.0,5,100000.0,0.0,RAVI,Male,N,Medium,16.0,Bindin,Married,0.0,0.0,0.0,0.0,0.0,0.0,0.0,2.0,VP Sales,28467.0,59958e9be557cd60215580bb,2017-08-17 12:39:38.192,21729,2232,credit card,neutral,0.0
0.0,35.0,2,100000.0,6487.0,APRILETTE,Female,N,Low,16.0,Coffelt,Married,1.0,0.0,0.0,0.0,0.0,0.0,1.0,0.0,Pharmacist,0.0,59958e9be557cd60215580bc,2017-08-17 12:39:38.192,21489,34,credit card,positive,1.0
1.0,50.0,2,100000.0,0.0,MELVA,Female,N,Medium,16.0,Russell,Married,0.0,0.0,0.0,1.0,0.0,0.0,0.0,0.0,Programmer Analyst II,0.0,59958e9be557cd60215580be,2017-08-17 12:39:38.192,21583,3783,credit card,positive,1.0
1.0,50.0,4,300000.0,0.0,ULYSSES,Male,N,High,15.0,Noice,Married,0.0,0.0,1.0,0.0,0.0,0.0,0.0,0.0,Chemical Engineer,0.0,59958e9be557cd60215580c1,2017-08-17 12:39:38.192,21618,2354,credit card,positive,1.0
0.0,31.0,5,800000.0,30100.0,KAREEM,Male,N,Medium,18.0,Pelfer,Married,2.0,0.0,0.0,0.0,0.0,0.0,1.0,1.0,Dental Hygienist,23078.0,59958e9be557cd60215580c5,2017-08-17 12:39:38.192,22042,4865,credit card,positive,1.0
1.0,44.0,4,100000.0,0.0,KENDELL,Male,N,Low,16.0,Garnsworthy,Married,0.0,0.0,0.0,0.0,0.0,0.0,0.0,2.0,Structural Engineer,28885.0,59958e9be557cd60215580c6,2017-08-17 12:39:38.192,21608,3063,credit card,neutral,0.0
0.0,64.0,6,800000.0,24052.0,AGNA,Female,N,High,18.0,Cowterd,Married,1.0,0.0,0.0,0.0,0.0,0.0,1.0,0.0,Assistant Professor,0.0,59958e9be557cd60215580c4,2017-08-17 12:39:38.192,22125,1364,credit card,negative,-1.0
0.0,42.0,2,800000.0,13992.0,MARLOWE,Male,N,High,18.0,Pressdee,Married,1.0,0.0,0.0,0.0,0.0,0.0,0.0,2.0,Executive Secretary,33878.0,59958e9be557cd60215580c8,2017-08-17 12:39:38.192,21606,4770,credit card,neutral,0.0
0.0,52.0,6,100000.0,1019.0,ESTHER,Female,N,Low,16.0,Carryer,Married,1.0,0.0,1.0,0.0,0.0,0.0,0.0,1.0,VP Accounting,1546.0,59958e9be557cd60215580c7,2017-08-17 12:39:38.192,22109,1394,credit card,negative,-1.0
0.0,34.0,3,100000.0,26978.0,REED,Male,N,High,16.0,Patria,Married,2.0,0.0,1.0,0.0,0.0,0.0,0.0,1.0,Senior Sales Associate,24673.0,59958e9be557cd60215580ca,2017-08-17 12:39:38.192,22110,284,credit card,negative,-1.0
0.0,63.0,2,100000.0,15122.0,ANESTASSIA,Female,N,High,16.0,Weadick,Married,1.0,0.0,0.0,1.0,0.0,0.0,1.0,0.0,Recruiter,0.0,59958e9be557cd60215580c9,2017-08-17 12:39:38.192,21597,100,credit card,positive,2.0
0.0,28.0,3,100000.0,8385.0,VAIL,Male,N,High,16.0,Izakovitz,Married,1.0,0.0,1.0,0.0,0.0,0.0,1.0,4.0,Nurse,34887.0,59958e9be557cd60215580cc,2017-08-17 12:39:38.192,21824,108,credit card,positive,2.0
1.0,51.0,4,100000.0,0.0,WORTH,Male,N,Medium,16.0,Yateman,Married,0.0,0.0,1.0,1.0,0.0,0.0,0.0,1.0,Account Executive,18795.0,59958e9be557cd60215580cb,2017-08-17 12:39:38.192,21595,3893,credit card,positive,2.0
1.0,42.0,5,300000.0,0.0,VALDEMAR,Male,N,Low,15.0,Shory,Married,0.0,0.0,0.0,0.0,0.0,0.0,0.0,1.0,Media Manager III,21817.0,59958e9be557cd60215580ce,2017-08-17 12:39:38.192,21862,1892,credit card,neutral,0.0
0.0,52.0,5,300000.0,25203.0,RHETTA,Female,N,Low,15.0,Grills,Married,2.0,0.0,0.0,0.0,0.0,0.0,0.0,2.0,Social Worker,12987.0,59958e9be557cd60215580cd,2017-08-17 12:39:38.192,22002,4988,credit card,neutral,0.0
0.0,45.0,5,300000.0,23685.0,PATRIZIUS,Male,N,High,15.0,Briereton,Married,1.0,0.0,0.0,0.0,0.0,0.0,0.0,3.0,Quality Control Specialist,41058.0,59958e9be557cd60215580d0,2017-08-17 12:39:38.192,21997,907,credit card,neutral,0.0
0.0,61.0,3,100000.0,45495.0,GLENINE,Female,N,High,16.0,Favel,Married,4.0,0.0,0.0,1.0,0.0,0.0,0.0,0.0,Senior Financial Analyst,0.0,59958e9be557cd60215580cf,2017-08-17 12:39:38.192,21594,1731,credit card,positive,1.0
0.0,27.0,6,100000.0,40046.0,BERNETTA,Female,N,High,16.0,Mylan,Single,4.0,0.0,0.0,0.0,0.0,0.0,0.0,2.0,Help Desk Operator,19106.0,59958e9be557cd60215580c2,2017-08-17 12:39:38.192,21615,2042,credit card,neutral,0.0
1.0,45.0,3,300000.0,0.0,GEORGIE,Female,N,High,15.0,Parish,Married,0.0,0.0,0.0,0.0,0.0,0.0,0.0,1.0,Product Engineer,7848.0,59958e9be557cd60215580bd,2017-08-17 12:39:38.192,21630,4125,credit card,neutral,0.0
0.0,51.0,5,800000.0,22615.0,LODOVICO,Male,N,Low,18.0,Scrannage,Married,1.0,0.0,0.0,0.0,0.0,0.0,0.0,3.0,Junior Executive,39458.0,59958e9be557cd60215580c3,2017-08-17 12:39:38.192,21421,41,credit card,neutral,0.0
1.0,53.0,5,800000.0,0.0,EIMILE,Female,N,High,18.0,Staterfield,Married,0.0,0.0,0.0,1.0,0.0,0.0,0.0,0.0,Clinical Specialist,0.0,59958e9be557cd60215580d6,2017-08-17 12:39:38.192,22023,2163,credit card,positive,1.0
0.0,57.0,5,100000.0,15272.0,DEBBY,Female,N,Low,16.0,Barter,Married,1.0,0.0,0.0,0.0,0.0,0.0,0.0,1.0,Account Coordinator,22983.0,59958e9be557cd60215580d4,2017-08-17 12:39:38.192,21707,198,credit card,neutral,0.0
1.0,37.0,5,100000.0,0.0,OBEDIAH,Male,N,Medium,16.0,Farnill,Married,0.0,0.0,0.0,1.0,0.0,0.0,0.0,5.0,Quality Engineer,71900.0,59958e9be557cd60215580d5,2017-08-17 12:39:38.192,21408,4541,credit card,positive,1.0
0.0,48.0,4,300000.0,11528.0,PIERETTE,Female,N,High,15.0,Lembcke,Married,1.0,0.0,0.0,0.0,0.0,0.0,1.0,3.0,Electrical Engineer,33326.0,59958e9be557cd60215580d1,2017-08-17 12:39:38.192,21743,89,credit card,positive,1.0
0.0,32.0,5,800000.0,12953.0,ELLA,Female,N,High,18.0,Greensall,Married,1.0,0.0,0.0,1.0,0.0,0.0,0.0,3.0,Paralegal,11092.0,59958e9be557cd60215580bf,2017-08-17 12:39:38.192,21627,3613,credit card,positive,1.0
0.0,31.0,3,100000.0,6828.0,ADELICE,Female,N,Medium,16.0,Pluck,Married,2.0,0.0,1.0,0.0,0.0,0.0,1.0,2.0,Financial Advisor,36579.0,59958e9be557cd60215580d2,2017-08-17 12:39:38.192,21849,3786,credit card,positive,2.0
1.0,57.0,6,300000.0,0.0,ROSETTA,Female,N,Low,15.0,Jecks,Married,0.0,0.0,0.0,0.0,0.0,0.0,0.0,1.0,Director of Sales,10440.0,59958e9be557cd60215580d8,2017-08-17 12:39:38.192,21441,1160,credit card,neutral,0.0
0.0,34.0,3,300000.0,27039.0,MARYBELLE,Female,N,Low,15.0,Falco,Married,2.0,0.0,0.0,0.0,0.0,0.0,0.0,2.0,Research Associate,15628.0,59958e9be557cd60215580d7,2017-08-17 12:39:38.192,21584,4705,credit card,neutral,0.0
1.0,51.0,2,75000.0,0.0,AUDRIE,Female,N,High,17.0,Birkenshaw,Married,0.0,0.0,1.0,0.0,0.0,0.0,0.0,0.0,Help Desk Operator,0.0,59958e9be557cd60215580d9,2017-08-17 12:39:38.192,21344,2093,credit card,positive,1.0
1.0,62.0,6,300000.0,0.0,NATALIE,Female,N,High,15.0,Hablot,Married,0.0,0.0,0.0,0.0,0.0,0.0,0.0,1.0,Systems Administrator II,9699.0,59958e9be557cd60215580da,2017-08-17 12:39:38.192,21582,658,credit card,neutral,0.0
0.0,49.0,6,300000.0,22692.0,ADDA,Female,N,High,15.0,Cresser,Married,1.0,0.0,0.0,0.0,0.0,0.0,0.0,2.0,Social Worker,37061.0,59958e9be557cd60215580db,2017-08-17 12:39:38.192,21460,326,credit card,neutral,0.0
0.0,59.0,6,100000.0,25270.0,WINFRED,Male,N,Low,16.0,Manilo,Married,2.0,0.0,1.0,0.0,0.0,0.0,0.0,0.0,Dental Hygienist,0.0,59958e9be557cd60215580dd,2017-08-17 12:39:38.192,21772,4495,credit card,positive,1.0
1.0,58.0,3,100000.0,0.0,JEREMIAH,Male,N,High,16.0,Duffy,Married,0.0,0.0,0.0,1.0,0.0,0.0,0.0,3.0,Database Administrator IV,23672.0,59958e9be557cd60215580de,2017-08-17 12:39:38.192,21457,698,credit card,positive,1.0
0.0,49.0,6,100000.0,17025.0,LANNY,Female,N,High,16.0,Wehnerr,Married,1.0,0.0,0.0,0.0,0.0,0.0,0.0,1.0,Marketing Assistant,6354.0,59958e9be557cd60215580dc,2017-08-17 12:39:38.192,21538,4782,credit card,neutral,0.0
0.0,58.0,5,100000.0,2387.0,MEADE,Male,N,High,16.0,Etchell,Married,1.0,0.0,1.0,0.0,0.0,0.0,0.0,0.0,Administrative Officer,0.0,59958e9be557cd60215580df,2017-08-17 12:39:38.192,21454,4544,credit card,neutral,0.0
0.0,37.0,5,100000.0,18037.0,EMELITA,Female,N,Medium,16.0,Raitt,Married,3.0,0.0,0.0,0.0,0.0,0.0,1.0,2.0,Geological Engineer,24546.0,59958e9be557cd60215580d3,2017-08-17 12:39:38.192,21622,775,credit card,positive,1.0
0.0,54.0,2,300000.0,28115.0,RENELLE,Female,N,Medium,15.0,Kareman,Married,3.0,0.0,0.0,0.0,0.0,0.0,1.0,2.0,Help Desk Operator,45969.0,59958e9be557cd60215580e2,2017-08-17 12:39:38.192,21530,2082,credit card,positive,1.0
0.0,36.0,5,400000.0,52431.0,CECE,Male,N,Medium,12.0,Marvel,Married,4.0,0.0,0.0,0.0,0.0,0.0,0.0,0.0,Financial Advisor,0.0,59958e9be557cd60215580e3,2017-08-17 12:39:38.192,22108,4786,credit card,neutral,0.0
0.0,40.0,6,800000.0,31266.0,DEN,Male,N,Medium,18.0,Crocombe,Married,2.0,0.0,0.0,0.0,0.0,0.0,0.0,0.0,Nurse Practicioner,0.0,59958e9be557cd60215580e4,2017-08-17 12:39:38.192,21455,1422,credit card,neutral,0.0
0.0,59.0,2,100000.0,21531.0,DYANNA,Female,N,Medium,16.0,Estrella,Married,1.0,0.0,1.0,0.0,0.0,0.0,0.0,0.0,Quality Control Specialist,0.0,59958e9be557cd60215580e5,2017-08-17 12:39:38.192,21828,4021,credit card,positive,1.0
1.0,57.0,5,300000.0,0.0,RAM,Male,N,High,15.0,Holson,Married,0.0,0.0,1.0,0.0,0.0,0.0,0.0,1.0,Database Administrator III,13545.0,59958e9be557cd60215580e6,2017-08-17 12:39:38.192,21955,4547,credit card,positive,1.0
0.0,66.0,5,300000.0,16311.0,ARIEL,Male,N,Low,15.0,Akrigg,Married,2.0,0.0,0.0,0.0,0.0,0.0,0.0,1.0,Biostatistician III,18646.0,59958e9be557cd60215580e7,2017-08-17 12:39:38.192,21665,3462,credit card,neutral,0.0
1.0,42.0,2,100000.0,0.0,AX,Male,N,Low,16.0,Vine,Married,0.0,0.0,0.0,0.0,0.0,0.0,0.0,1.0,Legal Assistant,21350.0,59958e9be557cd60215580e9,2017-08-17 12:39:38.192,21954,3397,credit card,neutral,0.0
0.0,47.0,5,100000.0,7594.0,BETTINE,Female,N,High,16.0,Heisham,Married,1.0,0.0,0.0,0.0,0.0,0.0,0.0,0.0,Administrative Officer,0.0,59958e9be557cd60215580ea,2017-08-17 12:39:38.192,21413,2953,credit card,neutral,0.0
0.0,47.0,3,100000.0,8782.0,BIRON,Male,N,Medium,16.0,Apfler,Married,1.0,0.0,0.0,0.0,0.0,0.0,0.0,2.0,Human Resources Assistant III,27922.0,59958e9be557cd60215580e8,2017-08-17 12:39:38.192,21625,744,credit card,neutral,0.0
0.0,25.0,2,300000.0,27784.0,GIULIO,Male,N,Low,15.0,Byneth,Single,2.0,0.0,0.0,1.0,0.0,0.0,1.0,1.0,GIS Technical Architect,3707.0,59958e9be557cd60215580e0,2017-08-17 12:39:38.192,21680,2837,credit card,positive,2.0
1.0,58.0,6,800000.0,0.0,FELIZA,Female,N,Medium,18.0,Kinnerk,Married,0.0,0.0,0.0,0.0,0.0,0.0,0.0,3.0,Web Designer I,30171.0,59958e9be557cd60215580c0,2017-08-17 12:39:38.192,21619,4157,credit card,neutral,0.0
0.0,23.0,6,100000.0,47110.0,RUTGER,Male,N,Medium,16.0,Ford,Single,4.0,0.0,0.0,0.0,0.0,0.0,1.0,0.0,Database Administrator II,0.0,59958e9be557cd60215580eb,2017-08-17 12:39:38.192,21515,4812,credit card,positive,1.0
0.0,45.0,2,100000.0,47317.0,ERL,Male,N,High,16.0,Biner,Married,4.0,0.0,0.0,0.0,0.0,0.0,0.0,1.0,Media Manager II,15857.0,59958e9be557cd60215580ec,2017-08-17 12:39:38.192,22012,1041,credit card,neutral,0.0
1.0,49.0,3,100000.0,0.0,BRICE,Male,N,High,16.0,Lowings,Married,0.0,0.0,0.0,0.0,0.0,0.0,0.0,2.0,Financial Analyst,19193.0,59958e9be557cd60215580ed,2017-08-17 12:39:38.192,21428,3855,credit card,neutral,0.0
0.0,59.0,5,400000.0,25317.0,JEANA,Female,N,High,12.0,Lakeland,Married,2.0,0.0,1.0,0.0,0.0,0.0,0.0,3.0,Legal Assistant,51211.0,59958e9be557cd60215580ee,2017-08-17 12:39:38.192,21740,39,credit card,negative,-1.0
0.0,37.0,2,800000.0,21161.0,JIM,Male,N,High,18.0,Wayland,Married,1.0,0.0,0.0,0.0,0.0,0.0,0.0,0.0,Accounting Assistant II,0.0,59958e9be557cd60215580f2,2017-08-17 12:39:38.192,21451,1698,credit card,neutral,0.0
1.0,59.0,5,100000.0,0.0,EBONY,Female,N,High,16.0,Swainston,Married,0.0,0.0,0.0,0.0,0.0,0.0,0.0,1.0,Software Test Engineer II,10207.0,59958e9be557cd60215580e1,2017-08-17 12:39:38.192,21734,527,credit card,neutral,0.0
0.0,59.0,5,300000.0,9377.0,BYRLE,Male,N,High,15.0,Moran,Married,1.0,0.0,0.0,0.0,0.0,0.0,0.0,0.0,Junior Executive,0.0,59958e9be557cd60215580f6,2017-08-17 12:39:38.192,22128,4479,credit card,neutral,0.0
0.0,45.0,3,300000.0,41282.0,MARGARET,Female,N,Medium,15.0,Bowman,Married,3.0,0.0,0.0,0.0,0.0,0.0,0.0,1.0,Pharmacist,11362.0,59958e9be557cd60215580f7,2017-08-17 12:39:38.192,22221,1304,credit card,neutral,0.0
1.0,28.0,3,100000.0,0.0,KENON,Male,N,Low,16.0,Vesque,Married,0.0,0.0,1.0,0.0,0.0,0.0,0.0,0.0,Geological Engineer,0.0,59958e9be557cd60215580f8,2017-08-17 12:39:38.192,22091,4851,credit card,negative,-1.0
0.0,48.0,6,100000.0,21808.0,LEBBIE,Female,N,Low,16.0,Piwall,Married,1.0,0.0,0.0,0.0,0.0,0.0,0.0,1.0,Dental Hygienist,4195.0,59958e9be557cd60215580f1,2017-08-17 12:39:38.192,21409,3310,credit card,neutral,0.0
1.0,67.0,5,800000.0,0.0,TOMMY,Male,N,High,18.0,Blaine,Married,0.0,0.0,0.0,0.0,0.0,0.0,1.0,3.0,Food Chemist,44019.0,59958e9be557cd60215580f0,2017-08-17 12:39:38.192,22038,1170,credit card,positive,1.0
0.0,47.0,2,100000.0,22664.0,PADGETT,Male,N,High,16.0,Layzell,Married,1.0,0.0,0.0,1.0,0.0,0.0,0.0,0.0,Senior Developer,0.0,59958e9be557cd60215580fa,2017-08-17 12:39:38.192,21410,2862,credit card,positive,1.0
0.0,43.0,4,100000.0,6037.0,SID,Male,N,High,16.0,Lumsdaine,Married,1.0,0.0,0.0,0.0,0.0,0.0,1.0,3.0,Financial Advisor,60629.0,59958e9be557cd60215580f9,2017-08-17 12:39:38.192,21425,4377,credit card,positive,1.0
0.0,65.0,2,300000.0,28816.0,LORRAYNE,Female,N,Low,15.0,Chelley,Married,2.0,0.0,0.0,0.0,0.0,0.0,1.0,0.0,Administrative Assistant IV,0.0,59958e9be557cd60215580fb,2017-08-17 12:39:38.192,21432,1455,credit card,positive,1.0
1.0,59.0,2,100000.0,0.0,LOUISA,Female,N,Low,16.0,Danes,Married,0.0,0.0,0.0,0.0,0.0,0.0,0.0,1.0,Account Coordinator,7753.0,59958e9be557cd60215580ef,2017-08-17 12:39:38.192,21978,2398,credit card,neutral,0.0
0.0,42.0,6,100000.0,30601.0,ELMIRA,Female,N,High,16.0,Swannick,Married,2.0,0.0,1.0,0.0,0.0,0.0,0.0,3.0,Payment Adjustment Coordinator,39081.0,59958e9be557cd60215580fc,2017-08-17 12:39:38.192,21749,63,credit card,negative,-1.0
0.0,55.0,4,400000.0,16802.0,KERBY,Male,N,Low,12.0,Gartland,Married,1.0,0.0,0.0,0.0,0.0,0.0,1.0,0.0,Recruiting Manager,0.0,59958e9be557cd60215580ff,2017-08-17 12:39:38.192,21412,2402,credit card,positive,1.0
0.0,40.0,3,100000.0,16962.0,YOKO,Female,N,High,16.0,Phizaclea,Married,1.0,0.0,1.0,0.0,0.0,0.0,0.0,1.0,Staff Scientist,7832.0,59958e9be557cd60215580fd,2017-08-17 12:39:38.192,22134,566,credit card,neutral,0.0
0.0,57.0,6,100000.0,18800.0,NORAH,Female,N,Medium,16.0,Scholey,Married,1.0,0.0,1.0,1.0,0.0,0.0,1.0,2.0,Marketing Assistant,18243.0,59958e9be557cd6021558101,2017-08-17 12:39:38.192,21414,855,credit card,positive,3.0
0.0,62.0,2,100000.0,44707.0,BRYANT,Male,N,Low,16.0,Brand,Married,3.0,0.0,0.0,0.0,0.0,0.0,0.0,0.0,Accountant I,0.0,59958e9be557cd60215580fe,2017-08-17 12:39:38.192,21456,1927,credit card,neutral,0.0
0.0,63.0,4,300000.0,23596.0,GILBERTINA,Female,N,Low,15.0,Blazey,Married,1.0,0.0,0.0,0.0,0.0,0.0,0.0,3.0,Social Worker,49159.0,59958e9be557cd6021558100,2017-08-17 12:39:38.192,21927,3538,credit card,neutral,0.0
0.0,29.0,6,100000.0,23617.0,ABDEL,Male,N,High,16.0,Woodstock,Married,1.0,0.0,0.0,0.0,0.0,0.0,0.0,1.0,Business Systems Development Analyst,3643.0,59958e9be557cd6021558103,2017-08-17 12:39:38.192,21445,1734,credit card,neutral,0.0
0.0,42.0,4,100000.0,32111.0,ELYSE,Female,N,Low,16.0,Seekings,Married,3.0,0.0,1.0,0.0,0.0,0.0,0.0,0.0,Actuary,0.0,59958e9be557cd6021558104,2017-08-17 12:39:38.192,21495,4601,credit card,neutral,0.0
0.0,59.0,3,100000.0,6935.0,REMY,Female,N,Low,16.0,Nann,Married,1.0,0.0,0.0,0.0,0.0,0.0,0.0,0.0,Assistant Media Planner,0.0,59958e9be557cd6021558102,2017-08-17 12:39:38.192,21462,1082,credit card,neutral,0.0
0.0,23.0,3,300000.0,22485.0,ADENA,Female,N,Low,15.0,Twopenny,Single,1.0,0.0,0.0,0.0,0.0,0.0,0.0,1.0,Administrative Officer,1906.0,59958e9be557cd6021558105,2017-08-17 12:39:38.192,22189,3294,credit card,neutral,0.0
0.0,65.0,6,100000.0,7751.0,TOBIN,Male,N,Medium,16.0,Maciejak,Married,1.0,0.0,0.0,0.0,0.0,0.0,0.0,1.0,Graphic Designer,21111.0,59958e9be557cd60215580f3,2017-08-17 12:39:38.192,22182,2888,credit card,neutral,0.0
0.0,67.0,6,300000.0,12469.0,RANICE,Female,N,Medium,15.0,Kinze,Married,1.0,0.0,0.0,0.0,0.0,0.0,0.0,3.0,Electrical Engineer,19581.0,59958e9be557cd6021558106,2017-08-17 12:39:38.192,21431,1093,credit card,neutral,0.0
1.0,53.0,6,400000.0,0.0,KASSIA,Female,N,Low,12.0,Dunsford,Married,0.0,0.0,0.0,0.0,0.0,0.0,0.0,3.0,Actuary,39528.0,59958e9be557cd6021558108,2017-08-17 12:39:38.192,21933,1835,credit card,neutral,0.0
0.0,58.0,5,300000.0,18530.0,KAHLIL,Male,N,Medium,15.0,Mitcheson,Married,1.0,0.0,0.0,0.0,0.0,0.0,1.0,1.0,Speech Pathologist,17663.0,59958e9be557cd602155810a,2017-08-17 12:39:38.192,21533,3541,credit card,positive,1.0
1.0,48.0,4,100000.0,0.0,SAM,Male,N,Low,16.0,Devin,Married,0.0,0.0,0.0,0.0,0.0,0.0,1.0,1.0,Nurse,15438.0,59958e9be557cd60215580f4,2017-08-17 12:39:38.192,22115,2885,credit card,negative,-1.0
0.0,64.0,6,300000.0,19625.0,YURIK,Male,N,High,15.0,By,Married,2.0,0.0,0.0,1.0,0.0,0.0,0.0,4.0,Web Developer I,47147.0,59958e9be557cd6021558107,2017-08-17 12:39:38.192,21863,1867,credit card,positive,1.0
0.0,46.0,2,800000.0,9955.0,RONNIE,Male,N,High,18.0,Reichelt,Married,1.0,0.0,0.0,1.0,0.0,0.0,0.0,1.0,Account Coordinator,7847.0,59958e9be557cd6021558109,2017-08-17 12:39:38.192,21675,2872,credit card,positive,1.0
0.0,28.0,4,300000.0,6654.0,BETSEY,Female,N,Medium,15.0,Balaisot,Married,1.0,0.0,0.0,0.0,0.0,0.0,0.0,3.0,Business Systems Development Analyst,22587.0,59958e9be557cd602155810c,2017-08-17 12:39:38.192,21429,1343,credit card,neutral,0.0
0.0,25.0,5,100000.0,12885.0,WASHINGTON,Male,N,Low,16.0,Halksworth,Single,2.0,0.0,0.0,0.0,0.0,0.0,0.0,3.0,Community Outreach Specialist,48939.0,59958e9be557cd602155810e,2017-08-17 12:39:38.192,21614,3323,credit card,neutral,0.0
1.0,39.0,4,400000.0,0.0,JAYME,Male,N,Low,12.0,Aldersley,Married,0.0,0.0,1.0,0.0,0.0,0.0,0.0,0.0,Web Developer IV,0.0,59958e9be557cd602155810d,2017-08-17 12:39:38.192,21698,1988,credit card,negative,-1.0
1.0,58.0,2,100000.0,0.0,TORRANCE,Male,N,High,16.0,Sokale,Married,0.0,0.0,0.0,1.0,0.0,0.0,0.0,7.0,Administrative Officer,112783.0,59958e9be557cd602155810b,2017-08-17 12:39:38.192,22029,888,credit card,positive,1.0
0.0,24.0,3,300000.0,13706.0,ANATOLLO,Male,N,High,15.0,Bruniges,Single,2.0,0.0,0.0,0.0,0.0,0.0,0.0,2.0,Software Engineer IV,21633.0,59958e9be557cd602155810f,2017-08-17 12:39:38.192,22131,3383,credit card,neutral,0.0
0.0,27.0,6,100000.0,7434.0,BIRON,Male,N,Low,16.0,Burkitt,Single,1.0,0.0,0.0,0.0,0.0,0.0,0.0,0.0,Executive Secretary,0.0,59958e9be557cd60215580f5,2017-08-17 12:39:38.192,21468,42,credit card,neutral,0.0
0.0,40.0,3,300000.0,23672.0,RONNIE,Male,N,High,15.0,Harlock,Married,2.0,0.0,1.0,1.0,0.0,0.0,1.0,0.0,Graphic Designer,0.0,59958e9be557cd6021558110,2017-08-17 12:39:38.192,21416,1451,credit card,positive,3.0
1.0,25.0,2,100000.0,0.0,GOLDY,Female,N,Low,16.0,Blower,Single,0.0,0.0,0.0,0.0,0.0,0.0,0.0,2.0,Analyst Programmer,25873.0,59958e9be557cd6021558112,2017-08-17 12:39:38.192,21611,4734,credit card,neutral,0.0
1.0,32.0,6,100000.0,0.0,BEVERLEY,Female,N,High,16.0,Hentzeler,Married,0.0,0.0,1.0,0.0,0.0,0.0,1.0,0.0,Safety Technician IV,0.0,59958e9be557cd6021558118,2017-08-17 12:39:38.192,21422,4422,credit card,positive,2.0
0.0,45.0,5,300000.0,13713.0,DEVINNE,Female,N,High,15.0,Currom,Married,1.0,0.0,0.0,1.0,0.0,0.0,0.0,0.0,Technical Writer,0.0,59958e9be557cd6021558119,2017-08-17 12:39:38.192,21556,547,credit card,positive,1.0
0.0,25.0,3,100000.0,9902.0,TEDDY,Male,N,High,16.0,Reichelt,Single,1.0,0.0,0.0,0.0,0.0,0.0,0.0,1.0,Mechanical Systems Engineer,22030.0,59958e9be557cd602155811a,2017-08-17 12:39:38.192,21702,1076,credit card,neutral,0.0
1.0,27.0,3,400000.0,0.0,MILLI,Female,N,Low,12.0,Pyson,Single,0.0,0.0,0.0,1.0,0.0,0.0,0.0,3.0,Payment Adjustment Coordinator,51448.0,59958e9be557cd602155811b,2017-08-17 12:39:38.192,21736,3927,credit card,positive,1.0
1.0,29.0,5,800000.0,0.0,DILLY,Male,N,Medium,18.0,Lawly,Married,0.0,0.0,1.0,0.0,0.0,0.0,0.0,0.0,Computer Systems Analyst II,0.0,59958e9be557cd602155811c,2017-08-17 12:39:38.192,22060,3420,credit card,positive,1.0
1.0,64.0,5,100000.0,0.0,CALV,Male,N,Low,16.0,Tuxsell,Married,0.0,0.0,0.0,0.0,0.0,0.0,1.0,3.0,Programmer Analyst II,44723.0,59958e9be557cd602155811e,2017-08-17 12:39:38.192,21799,4783,credit card,positive,1.0
0.0,53.0,4,100000.0,21639.0,NIGEL,Male,N,High,16.0,Buyers,Married,2.0,0.0,0.0,0.0,0.0,0.0,0.0,0.0,Technical Writer,0.0,59958e9be557cd602155811d,2017-08-17 12:39:38.192,21532,1969,credit card,neutral,0.0
1.0,50.0,6,300000.0,0.0,MISSY,Female,N,Medium,15.0,Rawlings,Married,0.0,0.0,0.0,0.0,0.0,0.0,0.0,2.0,Accountant I,26890.0,59958e9be557cd602155811f,2017-08-17 12:39:38.192,21718,544,credit card,neutral,0.0
0.0,58.0,3,300000.0,31288.0,RIANON,Female,N,Low,15.0,Beretta,Married,2.0,0.0,1.0,0.0,0.0,0.0,0.0,1.0,Speech Pathologist,21002.0,59958e9be557cd6021558120,2017-08-17 12:39:38.192,21567,4122,credit card,positive,1.0
0.0,34.0,5,100000.0,34298.0,TESSY,Female,N,Medium,16.0,Sapsford,Married,4.0,0.0,0.0,0.0,0.0,0.0,0.0,0.0,Structural Engineer,0.0,59958e9be557cd6021558121,2017-08-17 12:39:38.192,21426,77,credit card,neutral,0.0
0.0,37.0,5,100000.0,78243.0,BERNARDO,Male,N,Medium,16.0,Herley,Married,6.0,0.0,0.0,1.0,0.0,0.0,0.0,0.0,Software Test Engineer II,0.0,59958e9be557cd6021558117,2017-08-17 12:39:38.192,21768,2848,credit card,positive,1.0
0.0,41.0,4,800000.0,18807.0,FAIRLEIGH,Male,N,Medium,18.0,Maxwell,Married,1.0,0.0,0.0,0.0,0.0,0.0,0.0,3.0,Assistant Media Planner,45268.0,59958e9be557cd6021558123,2017-08-17 12:39:38.192,21527,3352,credit card,neutral,0.0
0.0,64.0,4,100000.0,7449.0,IGNACE,Male,N,Medium,16.0,Chugg,Married,2.0,0.0,1.0,0.0,0.0,0.0,1.0,1.0,VP Product Management,3033.0,59958e9be557cd6021558122,2017-08-17 12:39:38.192,21917,3953,credit card,positive,2.0
0.0,44.0,6,300000.0,16639.0,TOWNY,Male,N,Medium,15.0,Keppie,Married,1.0,0.0,0.0,0.0,0.0,0.0,0.0,1.0,Pharmacist,20062.0,59958e9be557cd6021558125,2017-08-17 12:39:38.192,21488,1326,credit card,neutral,0.0
0.0,24.0,6,100000.0,19200.0,ARNOLDO,Male,N,Medium,16.0,Antecki,Single,1.0,0.0,0.0,0.0,0.0,0.0,0.0,2.0,Web Designer III,24382.0,59958e9be557cd6021558124,2017-08-17 12:39:38.192,21998,3353,credit card,neutral,0.0
0.0,62.0,5,800000.0,22543.0,CHARLEY,Male,N,High,18.0,Pashe,Married,2.0,0.0,0.0,0.0,0.0,0.0,0.0,1.0,Research Associate,22072.0,59958e9be557cd6021558127,2017-08-17 12:39:38.192,21514,1554,credit card,neutral,0.0
0.0,38.0,3,800000.0,10549.0,ELISABETH,Female,N,High,18.0,Godson,Married,1.0,0.0,1.0,1.0,0.0,0.0,0.0,3.0,Geological Engineer,42534.0,59958e9be557cd6021558126,2017-08-17 12:39:38.192,21779,1848,credit card,positive,2.0
1.0,36.0,6,100000.0,0.0,ZERK,Male,N,High,16.0,MacMickan,Married,0.0,0.0,0.0,0.0,0.0,0.0,1.0,1.0,Pharmacist,6074.0,59958e9be557cd6021558128,2017-08-17 12:39:38.192,21958,3865,credit card,positive,1.0
1.0,25.0,6,300000.0,0.0,ZELDA,Female,N,Low,15.0,Schultheiss,Single,0.0,0.0,0.0,0.0,0.0,0.0,0.0,2.0,Operator,29901.0,59958e9be557cd6021558111,2017-08-17 12:39:38.192,21450,3907,credit card,neutral,0.0
0.0,24.0,2,800000.0,11475.0,COS,Male,N,High,18.0,Florio,Single,1.0,0.0,0.0,0.0,0.0,0.0,0.0,1.0,Nurse,3645.0,59958e9be557cd6021558113,2017-08-17 12:39:38.192,21901,3208,credit card,neutral,0.0
1.0,36.0,3,300000.0,0.0,OBEDIAH,Male,N,High,15.0,Stollenhof,Married,0.0,0.0,0.0,0.0,0.0,0.0,0.0,1.0,Analyst Programmer,12100.0,59958e9be557cd6021558115,2017-08-17 12:39:38.192,21526,1502,credit card,neutral,0.0
0.0,53.0,4,100000.0,3128.0,KENNITH,Male,N,Low,16.0,Winsborrow,Married,1.0,0.0,1.0,0.0,0.0,0.0,0.0,1.0,VP Quality Control,17663.0,59958e9be557cd6021558116,2017-08-17 12:39:38.192,21590,4042,credit card,positive,1.0
0.0,52.0,2,800000.0,58129.0,MIKE,Male,N,Low,18.0,McGennis,Married,4.0,0.0,1.0,0.0,0.0,0.0,0.0,0.0,Nuclear Power Engineer,0.0,59958e9be557cd6021558129,2017-08-17 12:39:38.192,21811,196,credit card,positive,1.0
0.0,42.0,2,800000.0,65638.0,KARON,Female,N,High,18.0,Valerio,Married,5.0,0.0,0.0,0.0,0.0,0.0,0.0,1.0,Tax Accountant,16278.0,59958e9be557cd602155812a,2017-08-17 12:39:38.192,21520,4364,credit card,neutral,0.0
1.0,25.0,2,100000.0,0.0,ANGY,Female,N,Low,16.0,Goose,Single,0.0,0.0,0.0,0.0,0.0,0.0,1.0,0.0,Administrative Assistant I,0.0,59958e9be557cd602155812b,2017-08-17 12:39:38.192,21957,1157,credit card,positive,1.0
0.0,45.0,5,300000.0,30971.0,CANDI,Female,N,Low,15.0,Muschette,Married,2.0,0.0,0.0,0.0,0.0,0.0,0.0,0.0,Automation Specialist IV,0.0,59958e9be557cd602155812c,2017-08-17 12:39:38.192,21477,1565,credit card,neutral,0.0
0.0,23.0,2,300000.0,13783.0,FRANNIE,Female,N,High,15.0,Nowaczyk,Single,2.0,0.0,0.0,1.0,0.0,0.0,0.0,3.0,Product Engineer,47934.0,59958e9be557cd602155812d,2017-08-17 12:39:38.192,21484,941,credit card,positive,1.0
0.0,51.0,2,300000.0,37923.0,RODDIE,Male,N,Medium,15.0,Knee,Married,4.0,0.0,1.0,0.0,0.0,0.0,0.0,0.0,Electrical Engineer,0.0,59958e9be557cd6021558130,2017-08-17 12:39:38.192,21783,1843,credit card,positive,1.0
0.0,40.0,5,100000.0,12325.0,BRION,Male,N,High,16.0,Rabson,Married,1.0,0.0,0.0,0.0,0.0,0.0,0.0,1.0,Civil Engineer,14021.0,59958e9be557cd602155812e,2017-08-17 12:39:38.192,22086,2840,credit card,neutral,0.0
0.0,56.0,5,400000.0,26368.0,MANOLO,Male,N,Low,12.0,Torn,Married,4.0,0.0,0.0,0.0,0.0,0.0,0.0,0.0,Chief Design Engineer,0.0,59958e9be557cd602155812f,2017-08-17 12:39:38.192,22222,402,credit card,neutral,0.0
0.0,33.0,4,100000.0,21158.0,HARLENE,Female,N,Low,16.0,Cullrford,Married,2.0,0.0,0.0,0.0,0.0,0.0,0.0,1.0,Payment Adjustment Coordinator,11427.0,59958e9be557cd6021558131,2017-08-17 12:39:38.192,21990,2688,credit card,neutral,0.0
1.0,37.0,6,400000.0,0.0,KAHALEEL,Male,N,Medium,12.0,Winchurch,Married,0.0,0.0,1.0,0.0,0.0,0.0,0.0,0.0,Quality Control Specialist,0.0,59958e9be557cd6021558114,2017-08-17 12:39:38.192,21777,1783,credit card,positive,1.0
1.0,37.0,6,100000.0,0.0,STELLA,Female,N,High,16.0,Stert,Married,0.0,0.0,0.0,0.0,0.0,0.0,0.0,1.0,Software Test Engineer IV,1457.0,59958e9be557cd6021558132,2017-08-17 12:39:38.192,21502,3862,credit card,neutral,0.0
0.0,43.0,2,100000.0,12163.0,STAVRO,Male,N,Low,16.0,Bickers,Married,1.0,0.0,0.0,0.0,0.0,0.0,0.0,0.0,Analog Circuit Design manager,0.0,59958e9be557cd6021558135,2017-08-17 12:39:38.192,22240,3527,credit card,neutral,0.0
0.0,36.0,5,300000.0,23611.0,LILLLIE,Female,N,High,15.0,Dibdale,Married,1.0,0.0,0.0,0.0,0.0,0.0,0.0,0.0,Director of Sales,0.0,59958e9be557cd6021558133,2017-08-17 12:39:38.192,21463,3542,credit card,neutral,0.0
0.0,42.0,5,800000.0,10975.0,CHANCEY,Male,N,Medium,18.0,Vegas,Married,1.0,0.0,0.0,1.0,0.0,0.0,0.0,1.0,Librarian,24211.0,59958e9be557cd6021558134,2017-08-17 12:39:38.192,21586,1793,credit card,positive,1.0
0.0,28.0,6,400000.0,65411.0,STAFFORD,Male,N,Low,12.0,O'Scollain,Married,5.0,0.0,0.0,0.0,0.0,0.0,0.0,0.0,Account Coordinator,0.0,59958e9be557cd6021558137,2017-08-17 12:39:38.192,22052,812,credit card,neutral,0.0
0.0,45.0,2,300000.0,21908.0,OTES,Male,N,Medium,15.0,Brayn,Married,2.0,0.0,0.0,1.0,0.0,0.0,1.0,2.0,Chief Design Engineer,35711.0,59958e9be557cd602155813d,2017-08-17 12:39:38.192,21512,691,credit card,positive,2.0
0.0,64.0,3,300000.0,19548.0,BRIANNE,Female,N,Medium,15.0,Fulks,Married,1.0,0.0,0.0,0.0,0.0,0.0,0.0,1.0,VP Marketing,8994.0,59958e9be557cd602155813f,2017-08-17 12:39:38.192,21723,1462,credit card,neutral,0.0
0.0,38.0,2,300000.0,17933.0,STEPHAN,Male,N,High,15.0,MacGilrewy,Married,2.0,0.0,0.0,0.0,0.0,0.0,0.0,0.0,Environmental Tech,0.0,59958e9be557cd602155813e,2017-08-17 12:39:38.192,21967,343,credit card,neutral,0.0
0.0,30.0,3,300000.0,14593.0,FOSS,Male,N,Low,15.0,Blaydon,Married,2.0,0.0,1.0,0.0,0.0,0.0,0.0,3.0,Legal Assistant,27617.0,59958e9be557cd6021558140,2017-08-17 12:39:38.192,21766,878,credit card,positive,1.0
0.0,49.0,4,300000.0,27158.0,MELISANDE,Female,N,Medium,15.0,Bramford,Married,2.0,0.0,0.0,0.0,0.0,0.0,0.0,0.0,Safety Technician III,0.0,59958e9be557cd6021558141,2017-08-17 12:39:38.192,21652,3184,credit card,neutral,0.0
0.0,42.0,3,300000.0,25710.0,MALVINA,Female,N,High,15.0,Blow,Married,2.0,0.0,0.0,0.0,0.0,0.0,1.0,0.0,Account Coordinator,0.0,59958e9be557cd6021558142,2017-08-17 12:39:38.192,21812,4160,credit card,positive,1.0
0.0,45.0,2,400000.0,24730.0,CODY,Male,N,Low,12.0,Havoc,Married,1.0,0.0,0.0,0.0,0.0,0.0,0.0,0.0,Nurse Practicioner,0.0,59958e9be557cd6021558144,2017-08-17 12:39:38.192,21525,862,credit card,neutral,0.0
0.0,64.0,4,300000.0,17550.0,PAPAGENA,Female,N,Low,15.0,Cosgrive,Married,1.0,0.0,0.0,0.0,0.0,0.0,0.0,1.0,Pharmacist,7706.0,59958e9be557cd6021558143,2017-08-17 12:39:38.192,21817,4326,credit card,neutral,0.0
0.0,46.0,2,300000.0,22826.0,REMY,Female,N,High,15.0,Cossey,Married,1.0,0.0,0.0,0.0,0.0,0.0,0.0,2.0,Chemical Engineer,13273.0,59958e9be557cd6021558145,2017-08-17 12:39:38.192,21919,4830,credit card,neutral,0.0
1.0,58.0,3,300000.0,0.0,HYACINTHE,Female,N,High,15.0,Cope,Married,0.0,0.0,0.0,0.0,0.0,0.0,0.0,2.0,Engineer III,43854.0,59958e9be557cd6021558147,2017-08-17 12:39:38.192,21466,1215,credit card,neutral,0.0
0.0,24.0,3,100000.0,4653.0,TANN,Male,N,Low,16.0,Trudgeon,Single,1.0,0.0,0.0,0.0,0.0,0.0,0.0,0.0,Chief Design Engineer,0.0,59958e9be557cd6021558146,2017-08-17 12:39:38.192,22005,3146,credit card,neutral,0.0
0.0,46.0,5,400000.0,39382.0,SHELLEY,Female,N,High,12.0,Sivorn,Married,2.0,0.0,0.0,0.0,0.0,0.0,1.0,0.0,Structural Analysis Engineer,0.0,59958e9be557cd602155813c,2017-08-17 12:39:38.192,21472,1748,credit card,positive,1.0
1.0,62.0,6,300000.0,0.0,TRUDIE,Female,N,Low,15.0,Arlet,Married,0.0,0.0,0.0,0.0,0.0,0.0,0.0,2.0,Research Nurse,41986.0,59958e9be557cd6021558148,2017-08-17 12:39:38.192,22073,2136,credit card,neutral,0.0
0.0,61.0,4,100000.0,22929.0,RODRIGO,Male,N,Low,16.0,Doale,Married,1.0,0.0,0.0,0.0,0.0,0.0,0.0,0.0,Assistant Professor,0.0,59958e9be557cd602155814b,2017-08-17 12:39:38.192,21635,3618,credit card,neutral,0.0
1.0,27.0,2,400000.0,0.0,ODILLE,Female,N,Medium,12.0,Suggate,Single,0.0,0.0,0.0,0.0,0.0,0.0,1.0,1.0,GIS Technical Architect,8845.0,59958e9be557cd6021558149,2017-08-17 12:39:38.192,21566,1688,credit card,positive,1.0
0.0,62.0,5,300000.0,15228.0,PAOLA,Female,N,Low,15.0,Walklett,Married,1.0,0.0,0.0,0.0,0.0,0.0,0.0,2.0,Engineer I,37544.0,59958e9be557cd602155814c,2017-08-17 12:39:38.192,21537,3547,credit card,neutral,0.0
0.0,51.0,3,800000.0,10327.0,ALLINA,Female,N,High,18.0,Belsey,Married,1.0,0.0,0.0,0.0,0.0,0.0,0.0,0.0,VP Accounting,0.0,59958e9be557cd602155814a,2017-08-17 12:39:38.192,22184,3170,credit card,neutral,0.0
1.0,51.0,4,300000.0,0.0,GRAIG,Male,N,High,15.0,Beeden,Married,0.0,0.0,0.0,1.0,0.0,0.0,0.0,1.0,Account Representative IV,24372.0,59958e9be557cd602155814d,2017-08-17 12:39:38.192,21505,4916,credit card,positive,1.0
0.0,51.0,5,300000.0,25802.0,FULTON,Male,N,Low,15.0,Scawton,Married,2.0,0.0,0.0,0.0,0.0,0.0,0.0,1.0,Software Consultant,3108.0,59958e9be557cd6021558138,2017-08-17 12:39:38.192,21924,2539,credit card,neutral,0.0
0.0,58.0,6,100000.0,5917.0,TATUM,Female,N,High,16.0,Pirkis,Married,1.0,0.0,1.0,0.0,0.0,0.0,1.0,4.0,Marketing Manager,57720.0,59958e9be557cd6021558136,2017-08-17 12:39:38.192,21553,2835,credit card,positive,2.0
0.0,31.0,6,400000.0,23957.0,MERRY,Male,N,High,12.0,Windibank,Married,1.0,0.0,0.0,0.0,0.0,0.0,0.0,0.0,Accountant I,0.0,59958e9be557cd6021558139,2017-08-17 12:39:38.192,21654,167,credit card,neutral,0.0
1.0,41.0,4,300000.0,0.0,PADRIAC,Male,N,Low,15.0,Tune,Married,0.0,0.0,0.0,0.0,0.0,0.0,0.0,1.0,Technical Writer,23379.0,59958e9be557cd602155814e,2017-08-17 12:39:38.192,21710,4462,credit card,neutral,0.0
0.0,56.0,2,100000.0,26914.0,MAURY,Male,N,Low,16.0,Turvey,Married,2.0,0.0,0.0,0.0,0.0,0.0,0.0,0.0,Senior Developer,0.0,59958e9be557cd602155814f,2017-08-17 12:39:38.192,21465,3790,credit card,neutral,0.0
0.0,46.0,3,100000.0,2765.0,JEMIE,Female,N,High,16.0,O'dell,Married,1.0,0.0,0.0,0.0,0.0,0.0,0.0,1.0,Biostatistician IV,18475.0,59958e9be557cd6021558150,2017-08-17 12:39:38.192,22053,2691,credit card,neutral,0.0
1.0,59.0,4,100000.0,0.0,CAL,Male,N,High,16.0,Orgee,Married,0.0,0.0,0.0,0.0,0.0,0.0,0.0,2.0,Biostatistician I,36770.0,59958e9be557cd6021558151,2017-08-17 12:39:38.192,22280,3745,credit card,neutral,0.0
0.0,22.0,2,100000.0,10557.0,DOROTHEE,Female,N,High,16.0,Caine,Single,1.0,0.0,0.0,0.0,0.0,0.0,0.0,2.0,Senior Quality Engineer,28912.0,59958e9be557cd602155813a,2017-08-17 12:39:38.192,21663,2021,credit card,neutral,0.0
1.0,23.0,3,100000.0,0.0,REYNARD,Male,N,High,16.0,Breache,Single,0.0,0.0,0.0,0.0,0.0,0.0,0.0,2.0,Product Engineer,19199.0,59958e9be557cd602155813b,2017-08-17 12:39:38.192,22017,1888,credit card,neutral,0.0
1.0,58.0,4,300000.0,0.0,EREK,Male,N,High,15.0,Rosenvasser,Married,0.0,0.0,0.0,0.0,0.0,0.0,0.0,3.0,Project Manager,46814.0,59958e9be557cd6021558157,2017-08-17 12:39:38.192,21660,871,credit card,neutral,0.0
0.0,52.0,5,300000.0,13210.0,KELSI,Female,N,Medium,15.0,Elsey,Married,1.0,0.0,0.0,0.0,0.0,0.0,1.0,1.0,Clinical Specialist,5308.0,59958e9be557cd6021558158,2017-08-17 12:39:38.192,21980,1730,credit card,positive,1.0
0.0,65.0,6,300000.0,51642.0,IGNAZIO,Male,N,Medium,15.0,McFarlan,Married,3.0,0.0,0.0,0.0,0.0,0.0,0.0,1.0,Pharmacist,22211.0,59958e9be557cd6021558152,2017-08-17 12:39:38.192,21679,232,credit card,neutral,0.0
1.0,57.0,4,100000.0,0.0,ALDRICH,Male,N,High,16.0,Meron,Married,0.0,0.0,0.0,0.0,0.0,0.0,0.0,1.0,Senior Editor,8985.0,59958e9be557cd6021558153,2017-08-17 12:39:38.192,21541,4167,credit card,neutral,0.0
1.0,34.0,3,800000.0,0.0,CLARY,Female,N,High,18.0,Alps,Married,0.0,0.0,1.0,1.0,0.0,0.0,0.0,1.0,Business Systems Development Analyst,17009.0,59958e9be557cd6021558154,2017-08-17 12:39:38.192,21433,401,credit card,positive,2.0
0.0,40.0,3,300000.0,5561.0,FAYRE,Female,N,Low,15.0,Furmage,Married,1.0,0.0,1.0,0.0,0.0,0.0,0.0,1.0,Senior Cost Accountant,19815.0,59958e9be557cd602155815d,2017-08-17 12:39:38.192,21555,4368,credit card,positive,1.0
0.0,66.0,5,300000.0,29572.0,JOSHIA,Male,N,High,15.0,Yarker,Married,2.0,0.0,0.0,0.0,0.0,0.0,0.0,1.0,Biostatistician II,9661.0,59958e9be557cd602155815e,2017-08-17 12:39:38.192,21565,2971,credit card,neutral,0.0
0.0,61.0,4,400000.0,21657.0,SIGFRIED,Male,N,Medium,12.0,Perryn,Married,1.0,0.0,0.0,0.0,0.0,0.0,0.0,2.0,Financial Analyst,44406.0,59958e9be557cd6021558155,2017-08-17 12:39:38.192,21476,53,credit card,neutral,0.0
0.0,59.0,5,100000.0,53487.0,KRYSTLE,Female,N,Medium,16.0,Challicum,Married,5.0,0.0,0.0,0.0,0.0,0.0,0.0,1.0,Food Chemist,9071.0,59958e9be557cd602155815a,2017-08-17 12:39:38.192,21822,4618,credit card,neutral,0.0
0.0,47.0,2,300000.0,22718.0,MALCHY,Male,N,High,15.0,Copestake,Married,3.0,0.0,0.0,0.0,0.0,0.0,0.0,0.0,Analog Circuit Design manager,0.0,59958e9be557cd602155815c,2017-08-17 12:39:38.192,21624,1368,credit card,neutral,0.0
0.0,40.0,3,300000.0,8916.0,LEODORA,Female,N,High,15.0,Robinet,Married,2.0,0.0,0.0,0.0,0.0,0.0,0.0,1.0,Senior Developer,14269.0,59958e9be557cd602155815f,2017-08-17 12:39:38.192,21559,837,credit card,neutral,0.0
1.0,48.0,2,100000.0,0.0,KIPPIE,Male,N,High,16.0,Wapplington,Married,0.0,0.0,0.0,0.0,0.0,0.0,0.0,1.0,Web Developer II,18141.0,59958e9be557cd6021558160,2017-08-17 12:39:38.192,21562,3734,credit card,neutral,0.0
0.0,60.0,2,100000.0,14636.0,SADYE,Female,N,Medium,16.0,Minghetti,Married,2.0,0.0,0.0,0.0,0.0,0.0,0.0,1.0,Safety Technician III,15536.0,59958e9be557cd6021558161,2017-08-17 12:39:38.192,21726,3731,credit card,neutral,0.0
1.0,43.0,5,300000.0,0.0,EWAN,Male,N,Medium,15.0,Triner,Married,0.0,0.0,0.0,0.0,0.0,0.0,0.0,1.0,Compensation Analyst,5748.0,59958e9be557cd6021558162,2017-08-17 12:39:38.192,21932,1830,credit card,neutral,0.0
1.0,35.0,2,800000.0,0.0,ANGELITA,Female,N,High,18.0,Farres,Married,0.0,0.0,0.0,0.0,0.0,0.0,0.0,3.0,Physical Therapy Assistant,35753.0,59958e9be557cd6021558163,2017-08-17 12:39:38.192,21571,2922,credit card,neutral,0.0
0.0,27.0,5,300000.0,21919.0,LANGSTON,Male,N,High,15.0,Belchamber,Single,1.0,0.0,0.0,1.0,0.0,0.0,0.0,1.0,Product Engineer,17713.0,59958e9be557cd6021558164,2017-08-17 12:39:38.192,21874,1354,credit card,positive,1.0
0.0,27.0,2,100000.0,14187.0,MARILLIN,Female,N,Low,16.0,Roumier,Single,1.0,0.0,0.0,0.0,0.0,0.0,0.0,1.0,Media Manager III,7208.0,59958e9be557cd6021558166,2017-08-17 12:39:38.192,21915,4294,credit card,neutral,0.0
0.0,59.0,5,100000.0,9105.0,KENDRE,Female,N,High,16.0,Fearne,Married,1.0,0.0,0.0,0.0,0.0,0.0,0.0,3.0,Compensation Analyst,51973.0,59958e9be557cd6021558165,2017-08-17 12:39:38.192,22116,1294,credit card,neutral,0.0
0.0,38.0,2,100000.0,20575.0,GRANGE,Male,N,Low,16.0,Siman,Married,1.0,0.0,0.0,0.0,0.0,0.0,0.0,1.0,Developer I,19511.0,59958e9be557cd602155816a,2017-08-17 12:39:38.192,21832,840,credit card,neutral,0.0
0.0,51.0,2,800000.0,19169.0,ASHLY,Female,N,Medium,18.0,Matteucci,Married,1.0,0.0,1.0,0.0,0.0,0.0,1.0,1.0,Senior Developer,21956.0,59958e9be557cd602155816b,2017-08-17 12:39:38.192,21670,2763,credit card,positive,2.0
1.0,56.0,3,300000.0,0.0,ERINNA,Female,N,Medium,15.0,Senten,Married,0.0,0.0,0.0,0.0,0.0,0.0,0.0,1.0,Nurse Practicioner,10088.0,59958e9be557cd602155815b,2017-08-17 12:39:38.192,22066,1654,credit card,neutral,0.0
1.0,24.0,4,100000.0,0.0,EARLE,Male,N,Medium,11.0,Luisetti,Single,0.0,0.0,0.0,0.0,0.0,0.0,0.0,3.0,Accounting Assistant II,56089.0,59958e9be557cd6021558159,2017-08-17 12:39:38.192,21551,1232,credit card,neutral,0.0
1.0,32.0,4,300000.0,0.0,LORAIN,Female,N,Medium,15.0,Greatex,Married,0.0,0.0,1.0,0.0,0.0,0.0,0.0,1.0,Human Resources Assistant I,19938.0,59958e9be557cd6021558167,2017-08-17 12:39:38.192,21500,502,credit card,neutral,0.0
0.0,62.0,3,400000.0,11332.0,HUBERT,Male,N,Medium,12.0,Uren,Married,1.0,0.0,0.0,1.0,0.0,0.0,0.0,0.0,Dental Hygienist,0.0,59958e9be557cd6021558169,2017-08-17 12:39:38.192,21968,3744,credit card,positive,1.0
0.0,47.0,5,100000.0,24921.0,HELENELIZABETH,Female,N,Low,16.0,Champley,Married,2.0,0.0,0.0,1.0,0.0,0.0,1.0,2.0,Tax Accountant,10073.0,59958e9be557cd6021558168,2017-08-17 12:39:38.192,21573,1495,credit card,positive,2.0
0.0,41.0,2,800000.0,29076.0,ERNA,Female,N,Low,18.0,Stode,Married,2.0,0.0,1.0,0.0,0.0,0.0,0.0,0.0,Tax Accountant,0.0,59958e9be557cd602155816c,2017-08-17 12:39:38.192,21516,519,credit card,positive,1.0
0.0,50.0,5,100000.0,29296.0,MAISON,Male,N,Medium,16.0,Zoppo,Married,2.0,0.0,0.0,1.0,0.0,0.0,0.0,1.0,Editor,8503.0,59958e9be557cd6021558156,2017-08-17 12:39:38.192,21542,1563,credit card,positive,1.0
0.0,25.0,6,100000.0,1806.0,IVETTE,Female,N,High,16.0,Asple,Single,1.0,0.0,1.0,0.0,0.0,0.0,2.0,0.0,Statistician III,0.0,59958e9be557cd602155816d,2017-08-17 12:39:38.192,22047,2527,credit card,positive,3.0
0.0,65.0,5,800000.0,52915.0,ISAIAH,Male,N,High,18.0,Menault,Married,4.0,0.0,0.0,0.0,0.0,0.0,1.0,1.0,Marketing Assistant,2679.0,59958e9be557cd602155816e,2017-08-17 12:39:38.192,22014,1642,credit card,positive,1.0
1.0,63.0,5,800000.0,0.0,DORIAN,Male,N,Medium,18.0,Haycock,Married,0.0,0.0,0.0,0.0,0.0,0.0,0.0,4.0,Junior Executive,83255.0,59958e9be557cd602155816f,2017-08-17 12:39:38.192,21756,2865,credit card,neutral,0.0
0.0,56.0,6,300000.0,14663.0,AERIEL,Female,N,High,15.0,Eschalotte,Married,1.0,0.0,0.0,0.0,0.0,0.0,0.0,3.0,Structural Analysis Engineer,48471.0,59958e9be557cd6021558170,2017-08-17 12:39:38.192,21404,1701,credit card,neutral,0.0
1.0,50.0,4,100000.0,0.0,KATTI,Female,N,High,16.0,Bemand,Married,0.0,0.0,0.0,0.0,0.0,0.0,0.0,3.0,Paralegal,31451.0,59958e9be557cd6021558171,2017-08-17 12:39:38.192,21648,893,credit card,neutral,0.0
1.0,40.0,3,100000.0,0.0,CESARO,Male,N,Low,16.0,Sifflett,Married,0.0,0.0,0.0,0.0,0.0,0.0,0.0,2.0,Pharmacist,24930.0,59958e9be557cd6021558172,2017-08-17 12:39:38.192,21805,3288,credit card,neutral,0.0
0.0,36.0,4,100000.0,21737.0,RODRIGO,Male,N,High,16.0,Warlaw,Married,1.0,0.0,1.0,0.0,0.0,0.0,0.0,1.0,Legal Assistant,22011.0,59958e9be557cd6021558173,2017-08-17 12:39:38.192,21806,563,credit card,positive,1.0
1.0,56.0,6,100000.0,0.0,COSIMO,Male,N,Medium,16.0,Endon,Married,0.0,0.0,0.0,0.0,0.0,0.0,0.0,2.0,Systems Administrator III,23130.0,59958e9be557cd6021558175,2017-08-17 12:39:38.192,21852,2397,credit card,neutral,0.0
0.0,45.0,6,300000.0,11892.0,LOLLY,Female,N,Medium,15.0,Estrella,Married,1.0,0.0,0.0,0.0,0.0,0.0,0.0,2.0,Safety Technician I,43281.0,59958e9be557cd6021558176,2017-08-17 12:39:38.192,21819,4311,credit card,neutral,0.0
0.0,65.0,5,300000.0,18362.0,CARINE,Female,N,High,15.0,Guwer,Married,1.0,0.0,1.0,0.0,0.0,0.0,1.0,1.0,Recruiter,19184.0,59958e9be557cd6021558179,2017-08-17 12:39:38.192,21591,122,credit card,positive,2.0
1.0,31.0,3,300000.0,0.0,SALEM,Male,N,Medium,15.0,Bruniges,Married,0.0,0.0,0.0,0.0,0.0,0.0,0.0,2.0,Health Coach II,34155.0,59958e9be557cd6021558177,2017-08-17 12:39:38.192,21643,1907,credit card,neutral,0.0
0.0,37.0,6,300000.0,31858.0,RODGE,Male,N,High,15.0,Haggata,Married,2.0,0.0,0.0,0.0,0.0,0.0,0.0,1.0,Analyst Programmer,18147.0,59958e9be557cd602155817e,2017-08-17 12:39:38.192,21925,3393,credit card,neutral,0.0
0.0,23.0,2,100000.0,2142.0,HANK,Male,N,Low,16.0,Thake,Single,1.0,0.0,0.0,0.0,0.0,0.0,0.0,0.0,Nuclear Power Engineer,0.0,59958e9be557cd602155817a,2017-08-17 12:39:38.192,21906,4108,credit card,neutral,0.0
0.0,52.0,5,800000.0,18079.0,JONIE,Female,N,High,18.0,Finlan,Married,2.0,0.0,0.0,0.0,0.0,0.0,0.0,2.0,Marketing Manager,19211.0,59958e9be557cd6021558174,2017-08-17 12:39:38.192,21669,364,credit card,neutral,0.0
1.0,24.0,5,100000.0,0.0,JULIETTA,Female,N,Medium,16.0,Dorling,Single,0.0,0.0,0.0,0.0,0.0,0.0,1.0,0.0,Staff Accountant II,0.0,59958e9be557cd6021558180,2017-08-17 12:39:38.192,21834,3115,credit card,positive,1.0
0.0,66.0,5,400000.0,18140.0,DALILA,Female,N,Low,12.0,Heyfield,Married,2.0,0.0,0.0,0.0,0.0,0.0,0.0,0.0,Electrical Engineer,0.0,59958e9be557cd6021558181,2017-08-17 12:39:38.192,22186,1198,credit card,neutral,0.0
0.0,64.0,4,100000.0,47424.0,JULIAN,Male,N,Low,16.0,Croxton,Married,4.0,0.0,1.0,0.0,0.0,0.0,0.0,0.0,Administrative Officer,0.0,59958e9be557cd6021558182,2017-08-17 12:39:38.192,21546,586,credit card,positive,1.0
1.0,26.0,3,100000.0,0.0,GISELA,Female,N,Low,16.0,Skirling,Single,0.0,0.0,1.0,0.0,0.0,0.0,1.0,0.0,Systems Administrator IV,0.0,59958e9be557cd602155817f,2017-08-17 12:39:38.192,21853,3885,credit card,positive,2.0
1.0,32.0,6,300000.0,0.0,ZANE,Male,N,Low,15.0,Barrett,Married,0.0,0.0,0.0,0.0,0.0,0.0,0.0,2.0,Business Systems Development Analyst,2600.0,59958e9be557cd6021558183,2017-08-17 12:39:38.192,21835,2462,credit card,neutral,0.0
0.0,36.0,2,100000.0,14072.0,HEATH,Male,N,Medium,16.0,Satterley,Married,1.0,0.0,0.0,0.0,0.0,0.0,0.0,0.0,Human Resources Manager,0.0,59958e9be557cd6021558185,2017-08-17 12:39:38.192,21840,1527,credit card,neutral,0.0
0.0,67.0,5,300000.0,2793.0,SOMERSET,Male,N,High,15.0,Millett,Married,1.0,0.0,0.0,0.0,0.0,0.0,0.0,0.0,Human Resources Assistant I,0.0,59958e9be557cd6021558184,2017-08-17 12:39:38.192,21839,2502,credit card,neutral,0.0
0.0,35.0,2,800000.0,27646.0,KERI,Female,N,High,18.0,Brinicombe,Married,2.0,0.0,0.0,0.0,0.0,0.0,0.0,0.0,Compensation Analyst,0.0,59958e9be557cd602155817b,2017-08-17 12:39:38.192,22056,3793,credit card,neutral,0.0
0.0,54.0,3,100000.0,40291.0,PRINCE,Male,N,Low,16.0,Pavek,Married,3.0,0.0,1.0,0.0,0.0,0.0,0.0,0.0,Recruiter,0.0,59958e9be557cd6021558188,2017-08-17 12:39:38.192,21695,2590,credit card,negative,-1.0
0.0,58.0,5,300000.0,27577.0,DOM,Male,N,Low,15.0,Strangman,Married,2.0,0.0,0.0,1.0,0.0,0.0,1.0,2.0,Director of Sales,19895.0,59958e9be557cd6021558178,2017-08-17 12:39:38.192,21826,1311,credit card,positive,2.0
0.0,41.0,5,100000.0,7078.0,MARLYN,Female,N,High,16.0,Angrove,Married,1.0,0.0,0.0,0.0,0.0,0.0,0.0,2.0,Food Chemist,24071.0,59958e9be557cd602155817d,2017-08-17 12:39:38.192,21830,1601,credit card,neutral,0.0
0.0,38.0,4,100000.0,38238.0,CORABELLE,Female,N,High,16.0,Fishley,Married,3.0,0.0,0.0,0.0,0.0,0.0,0.0,0.0,Structural Analysis Engineer,0.0,59958e9be557cd6021558187,2017-08-17 12:39:38.192,21842,2041,credit card,neutral,0.0
1.0,29.0,6,300000.0,0.0,MILTY,Male,N,High,15.0,Bonas,Married,0.0,0.0,1.0,0.0,0.0,0.0,0.0,3.0,Sales Representative,53873.0,59958e9be557cd602155817c,2017-08-17 12:39:38.192,21827,971,credit card,positive,1.0
0.0,29.0,3,100000.0,8579.0,LINN,Female,N,Medium,16.0,Vagg,Married,1.0,0.0,0.0,0.0,0.0,0.0,1.0,1.0,Statistician IV,16076.0,59958e9be557cd6021558189,2017-08-17 12:39:38.192,21846,3110,credit card,positive,1.0
0.0,47.0,2,400000.0,40468.0,MOSS,Male,N,Medium,12.0,Wagner,Married,2.0,0.0,0.0,1.0,0.0,0.0,0.0,0.0,Marketing Assistant,0.0,59958e9be557cd602155818a,2017-08-17 12:39:38.192,21655,1039,credit card,positive,1.0
1.0,31.0,6,300000.0,0.0,HAMID,Male,N,Medium,15.0,Bluschke,Married,0.0,0.0,0.0,0.0,0.0,0.0,0.0,2.0,Desktop Support Technician,11969.0,59958e9be557cd6021558186,2017-08-17 12:39:38.192,21956,705,credit card,neutral,0.0
0.0,23.0,4,800000.0,19785.0,GIRAUD,Male,N,Low,18.0,Hallsworth,Single,2.0,0.0,0.0,0.0,0.0,0.0,0.0,2.0,Librarian,10390.0,59958e9be557cd602155818b,2017-08-17 12:39:38.192,21471,3100,credit card,neutral,0.0
1.0,54.0,5,100000.0,0.0,DAVEEN,Female,N,Low,16.0,Haydon,Married,0.0,0.0,0.0,0.0,0.0,0.0,0.0,1.0,Payment Adjustment Coordinator,18565.0,59958e9be557cd602155818c,2017-08-17 12:39:38.192,22154,1305,credit card,neutral,0.0
0.0,62.0,6,300000.0,31292.0,HESTER,Female,N,High,15.0,Scruton,Married,2.0,0.0,0.0,0.0,0.0,0.0,0.0,0.0,Biostatistician III,0.0,59958e9be557cd602155818d,2017-08-17 12:39:38.192,21848,2830,credit card,neutral,0.0
0.0,50.0,4,100000.0,19073.0,CONCHITA,Female,N,Low,16.0,Driffill,Married,1.0,0.0,0.0,1.0,0.0,0.0,0.0,1.0,Civil Engineer,16870.0,59958e9be557cd602155818e,2017-08-17 12:39:38.192,21850,1378,credit card,positive,1.0
0.0,55.0,6,800000.0,6812.0,CAL,Female,N,Medium,18.0,Cullon,Married,1.0,0.0,1.0,0.0,0.0,0.0,0.0,1.0,Assistant Media Planner,1207.0,59958e9be557cd6021558191,2017-08-17 12:39:38.192,21855,4319,credit card,positive,1.0
0.0,32.0,2,300000.0,8219.0,RODDY,Male,N,High,15.0,Bazell,Married,1.0,0.0,0.0,0.0,0.0,0.0,0.0,2.0,Paralegal,37808.0,59958e9be557cd6021558192,2017-08-17 12:39:38.192,21877,43,credit card,neutral,0.0
1.0,66.0,3,100000.0,0.0,PURCELL,Male,N,Low,16.0,Bravery,Married,0.0,0.0,1.0,0.0,0.0,0.0,0.0,0.0,Programmer Analyst III,0.0,59958e9be557cd602155818f,2017-08-17 12:39:38.192,22037,2618,credit card,positive,1.0
0.0,45.0,6,400000.0,18810.0,RAD,Male,N,Low,12.0,Royle,Married,1.0,0.0,0.0,0.0,0.0,0.0,1.0,0.0,Compensation Analyst,0.0,59958e9be557cd6021558196,2017-08-17 12:39:38.192,21787,2563,credit card,positive,1.0
1.0,26.0,6,300000.0,0.0,CODY,Female,N,Medium,15.0,Bertholin,Single,0.0,0.0,1.0,0.0,0.0,0.0,0.0,1.0,Pharmacist,8658.0,59958e9be557cd6021558193,2017-08-17 12:39:38.192,22087,1084,credit card,negative,-1.0
0.0,38.0,4,300000.0,1885.0,FERNANDE,Female,N,Medium,15.0,Dowsett,Married,1.0,0.0,0.0,1.0,0.0,0.0,0.0,4.0,Operator,68127.0,59958e9be557cd6021558194,2017-08-17 12:39:38.192,22135,3488,credit card,neutral,0.0
0.0,56.0,6,100000.0,19805.0,NANCE,Female,N,Medium,16.0,Megarry,Married,1.0,0.0,0.0,0.0,0.0,0.0,1.0,0.0,Senior Sales Associate,0.0,59958e9be557cd6021558190,2017-08-17 12:39:38.192,22015,133,credit card,positive,1.0
0.0,24.0,2,400000.0,8361.0,HOLLI,Female,N,Low,12.0,Rainsbury,Single,2.0,0.0,0.0,0.0,0.0,0.0,0.0,0.0,Account Representative I,0.0,59958e9be557cd6021558195,2017-08-17 12:39:38.192,21856,2807,credit card,neutral,0.0
1.0,65.0,3,300000.0,0.0,JOELLE,Female,N,Low,15.0,Olivera,Married,0.0,0.0,0.0,0.0,0.0,0.0,0.0,4.0,Senior Developer,70146.0,59958e9be557cd6021558197,2017-08-17 12:39:38.192,22008,366,credit card,neutral,0.0
0.0,23.0,5,300000.0,6114.0,CORTNEY,Female,N,Medium,15.0,Brane,Single,1.0,0.0,0.0,0.0,0.0,0.0,0.0,1.0,VP Marketing,17161.0,59958e9be557cd6021558198,2017-08-17 12:39:38.192,21858,47,credit card,neutral,0.0
1.0,54.0,2,300000.0,0.0,KATHYE,Female,N,Low,15.0,Gino,Married,0.0,0.0,1.0,0.0,0.0,0.0,0.0,0.0,Speech Pathologist,0.0,59958e9be557cd6021558199,2017-08-17 12:39:38.192,21859,571,credit card,positive,1.0
1.0,37.0,3,300000.0,0.0,RANNA,Female,N,High,15.0,Kevane,Married,0.0,0.0,1.0,1.0,0.0,0.0,1.0,0.0,Speech Pathologist,0.0,59958e9be557cd602155819b,2017-08-17 12:39:38.192,21860,462,credit card,positive,3.0
0.0,58.0,5,100000.0,9796.0,MIKE,Male,N,Low,16.0,Kenderdine,Married,1.0,0.0,1.0,0.0,0.0,0.0,0.0,2.0,Human Resources Assistant III,41962.0,59958e9be557cd602155819a,2017-08-17 12:39:38.192,21909,2519,credit card,positive,1.0
0.0,41.0,5,300000.0,12507.0,CORETTA,Female,N,Medium,15.0,Loughran,Married,1.0,0.0,0.0,0.0,0.0,0.0,0.0,2.0,Senior Quality Engineer,22956.0,59958e9be557cd602155819d,2017-08-17 12:39:38.192,21417,2918,credit card,neutral,0.0
0.0,50.0,5,100000.0,24668.0,CORNELA,Female,N,Low,16.0,Caig,Married,1.0,0.0,0.0,0.0,0.0,0.0,0.0,3.0,Actuary,42536.0,59958e9be557cd602155819e,2017-08-17 12:39:38.192,22124,2380,credit card,neutral,0.0
0.0,46.0,3,100000.0,64424.0,GERI,Female,N,Low,16.0,Farrell,Married,5.0,0.0,0.0,0.0,0.0,0.0,1.0,0.0,Help Desk Technician,0.0,59958e9be557cd60215581a0,2017-08-17 12:39:38.192,21873,3041,credit card,positive,1.0
0.0,32.0,2,300000.0,23485.0,WAY,Male,N,Medium,15.0,Poyner,Married,1.0,0.0,1.0,0.0,0.0,0.0,0.0,2.0,Assistant Manager,35441.0,59958e9be557cd602155819c,2017-08-17 12:39:38.192,21864,2765,credit card,positive,1.0
0.0,29.0,4,300000.0,18934.0,LAWRY,Male,N,High,15.0,Lusher,Married,1.0,0.0,1.0,0.0,0.0,0.0,1.0,1.0,Senior Editor,19701.0,59958e9be557cd602155819f,2017-08-17 12:39:38.192,21866,3414,credit card,positive,2.0
0.0,52.0,3,100000.0,5828.0,JUSTINA,Female,N,Medium,16.0,Kinglake,Married,1.0,0.0,0.0,1.0,0.0,0.0,1.0,0.0,General Manager,0.0,59958e9be557cd60215581a1,2017-08-17 12:39:38.192,21878,2776,credit card,positive,2.0
0.0,32.0,5,400000.0,28729.0,RUTHE,Female,N,Low,12.0,Monelle,Married,3.0,0.0,0.0,0.0,0.0,0.0,0.0,0.0,Professor,0.0,59958e9be557cd60215581a2,2017-08-17 12:39:38.192,21510,4348,credit card,neutral,0.0
0.0,45.0,4,100000.0,4149.0,PRENTICE,Male,N,Low,16.0,Upex,Married,1.0,0.0,1.0,0.0,0.0,0.0,0.0,1.0,Community Outreach Specialist,8183.0,59958e9be557cd60215581a3,2017-08-17 12:39:38.192,21879,1488,credit card,positive,1.0
1.0,66.0,5,300000.0,0.0,GIAN,Male,N,High,15.0,Aberdein,Married,0.0,0.0,0.0,0.0,0.0,0.0,0.0,4.0,Budget/Accounting Analyst IV,51246.0,59958e9be557cd60215581a7,2017-08-17 12:39:38.192,21880,1834,credit card,neutral,0.0
1.0,60.0,2,300000.0,0.0,CONSTANTINA,Female,N,High,15.0,Stappard,Married,0.0,0.0,0.0,1.0,0.0,0.0,0.0,1.0,Design Engineer,16554.0,59958e9be557cd60215581a4,2017-08-17 12:39:38.192,21797,3215,credit card,positive,1.0
0.0,34.0,3,100000.0,29226.0,BARD,Male,N,Low,16.0,Harron,Married,2.0,0.0,0.0,0.0,0.0,0.0,0.0,1.0,Web Developer III,1182.0,59958e9be557cd60215581a6,2017-08-17 12:39:38.192,22157,376,credit card,neutral,0.0
1.0,29.0,3,100000.0,0.0,INA,Female,N,High,16.0,Legonidec,Married,0.0,0.0,0.0,0.0,0.0,0.0,0.0,2.0,Senior Quality Engineer,45266.0,59958e9be557cd60215581a9,2017-08-17 12:39:38.192,22169,4807,credit card,neutral,0.0
1.0,40.0,6,100000.0,0.0,CALLIE,Female,N,Medium,16.0,Zoellner,Married,0.0,0.0,1.0,0.0,0.0,0.0,0.0,1.0,Mechanical Systems Engineer,7047.0,59958e9be557cd60215581a5,2017-08-17 12:39:38.192,21941,4082,credit card,positive,1.0
0.0,47.0,2,300000.0,6279.0,JOYCELIN,Female,N,Low,15.0,Otham,Married,1.0,0.0,0.0,0.0,0.0,0.0,1.0,0.0,Technical Writer,0.0,59958e9be557cd60215581a8,2017-08-17 12:39:38.192,22213,1561,credit card,neutral,0.0
0.0,37.0,3,100000.0,16040.0,CHARIN,Female,N,Medium,16.0,Barraclough,Married,2.0,0.0,0.0,1.0,0.0,0.0,1.0,2.0,Marketing Manager,23716.0,59958e9be557cd60215581aa,2017-08-17 12:39:38.192,21911,4787,credit card,positive,2.0
1.0,57.0,4,800000.0,0.0,ETTORE,Male,N,High,18.0,Barhem,Married,0.0,0.0,0.0,0.0,0.0,0.0,1.0,1.0,Clinical Specialist,3853.0,59958e9be557cd60215581ac,2017-08-17 12:39:38.192,21714,495,credit card,positive,1.0
0.0,41.0,3,100000.0,22459.0,NORINA,Female,N,Medium,16.0,Powling,Married,1.0,0.0,0.0,1.0,0.0,0.0,0.0,0.0,GIS Technical Architect,0.0,59958e9be557cd60215581ad,2017-08-17 12:39:38.192,21884,2,credit card,positive,1.0
1.0,59.0,5,100000.0,0.0,WEST,Male,N,Medium,16.0,Rojas,Married,0.0,0.0,0.0,0.0,0.0,0.0,0.0,5.0,Registered Nurse,71238.0,59958e9be557cd60215581ab,2017-08-17 12:39:38.192,21449,1786,credit card,neutral,0.0
1.0,59.0,4,100000.0,0.0,BOND,Male,N,Low,16.0,Hurich,Married,0.0,0.0,1.0,0.0,0.0,0.0,1.0,5.0,VP Sales,77095.0,59958e9be557cd60215581af,2017-08-17 12:39:38.192,21885,3255,credit card,positive,2.0
1.0,40.0,2,100000.0,0.0,DEBORAH,Female,N,High,16.0,Braganca,Married,0.0,0.0,0.0,0.0,0.0,0.0,0.0,2.0,Geologist IV,19527.0,59958e9be557cd60215581ae,2017-08-17 12:39:38.192,21845,1397,credit card,neutral,0.0
1.0,62.0,3,400000.0,0.0,TIMOTEO,Male,N,Low,12.0,Cadogan,Married,0.0,0.0,0.0,1.0,0.0,0.0,0.0,1.0,Professor,6262.0,59958e9be557cd60215581b2,2017-08-17 12:39:38.192,21960,3579,credit card,positive,1.0
0.0,24.0,3,300000.0,10799.0,TRISTA,Female,N,Low,15.0,Pheasant,Single,1.0,0.0,0.0,0.0,0.0,0.0,0.0,2.0,Budget/Accounting Analyst II,23289.0,59958e9be557cd60215581b0,2017-08-17 12:39:38.192,21996,393,credit card,neutral,0.0
0.0,24.0,6,300000.0,70871.0,BERTRAND,Male,N,High,15.0,Turbefield,Single,4.0,0.0,0.0,0.0,0.0,0.0,0.0,0.0,Nuclear Power Engineer,0.0,59958e9be557cd60215581b1,2017-08-17 12:39:38.192,21889,916,credit card,neutral,0.0
0.0,62.0,2,400000.0,23700.0,AMELINE,Female,N,Low,12.0,Kaliszewski,Married,1.0,0.0,1.0,0.0,0.0,0.0,0.0,0.0,VP Sales,0.0,59958e9be557cd60215581b5,2017-08-17 12:39:38.192,21894,1618,credit card,positive,1.0
0.0,56.0,2,800000.0,4047.0,KIPPY,Female,N,Medium,18.0,Brignell,Married,1.0,0.0,0.0,0.0,0.0,0.0,0.0,1.0,Senior Developer,2313.0,59958e9be557cd60215581b4,2017-08-17 12:39:38.192,21890,352,credit card,neutral,0.0
0.0,67.0,6,400000.0,48783.0,TRAVERS,Male,N,Medium,12.0,McVittie,Married,5.0,0.0,0.0,0.0,0.0,0.0,0.0,0.0,Web Developer II,0.0,59958e9be557cd60215581b6,2017-08-17 12:39:38.192,21887,1862,credit card,neutral,0.0
1.0,59.0,6,300000.0,0.0,SEBASTIAN,Male,N,High,15.0,Tumielli,Married,0.0,0.0,1.0,0.0,0.0,0.0,0.0,0.0,Legal Assistant,0.0,59958e9be557cd60215581b3,2017-08-17 12:39:38.192,21574,1444,credit card,positive,1.0
0.0,27.0,3,100000.0,24081.0,ROANNA,Female,N,Low,16.0,Bonwell,Single,3.0,0.0,1.0,0.0,0.0,0.0,2.0,1.0,Geologist IV,23958.0,59958e9be557cd60215581b7,2017-08-17 12:39:38.192,22100,2348,credit card,negative,-3.0
0.0,54.0,4,800000.0,53987.0,FLORENTIA,Female,N,High,18.0,Weddup,Married,5.0,0.0,0.0,0.0,0.0,0.0,0.0,0.0,VP Marketing,0.0,59958e9be557cd60215581b8,2017-08-17 12:39:38.192,21895,4376,credit card,neutral,0.0
0.0,61.0,3,100000.0,12711.0,TIFFANI,Female,N,High,16.0,Rudkin,Married,1.0,0.0,0.0,0.0,0.0,0.0,0.0,2.0,Civil Engineer,30597.0,59958e9be557cd60215581bb,2017-08-17 12:39:38.192,21898,1136,credit card,neutral,0.0
0.0,23.0,6,300000.0,8742.0,PERNELL,Male,N,Low,15.0,Bartelli,Single,1.0,0.0,1.0,1.0,0.0,0.0,1.0,1.0,Librarian,18872.0,59958e9be557cd60215581bd,2017-08-17 12:39:38.192,21632,4971,credit card,positive,3.0
1.0,55.0,5,800000.0,0.0,ULISES,Male,N,Medium,18.0,Bleything,Married,0.0,0.0,1.0,0.0,0.0,0.0,0.0,1.0,Chemical Engineer,24426.0,59958e9be557cd60215581b9,2017-08-17 12:39:38.192,21661,3189,credit card,positive,1.0
0.0,47.0,6,300000.0,5929.0,DONELLA,Female,N,Low,15.0,Caulfield,Married,1.0,0.0,0.0,0.0,0.0,0.0,0.0,2.0,Computer Systems Analyst I,11571.0,59958e9be557cd60215581bc,2017-08-17 12:39:38.192,21900,3160,credit card,neutral,0.0
1.0,29.0,3,100000.0,0.0,KAHALEEL,Male,N,High,16.0,Lathleiffure,Married,0.0,0.0,0.0,0.0,0.0,0.0,0.0,1.0,Sales Associate,12788.0,59958e9be557cd60215581ba,2017-08-17 12:39:38.192,21973,2146,credit card,neutral,0.0
0.0,46.0,3,300000.0,24522.0,SHANNEN,Female,N,Medium,15.0,Callar,Married,2.0,0.0,1.0,0.0,0.0,0.0,0.0,0.0,Compensation Analyst,0.0,59958e9be557cd60215581c2,2017-08-17 12:39:38.192,21676,2193,credit card,positive,1.0
1.0,34.0,3,100000.0,0.0,DEBBIE,Female,N,High,16.0,Lindeberg,Married,0.0,0.0,1.0,0.0,0.0,0.0,0.0,1.0,Teacher,19927.0,59958e9be557cd60215581be,2017-08-17 12:39:38.192,22044,1115,credit card,positive,1.0
1.0,67.0,4,100000.0,0.0,REBECA,Female,N,High,16.0,Francklin,Married,0.0,0.0,0.0,0.0,0.0,0.0,0.0,2.0,Librarian,3464.0,59958e9be557cd60215581bf,2017-08-17 12:39:38.192,22247,163,credit card,neutral,0.0
1.0,29.0,2,100000.0,0.0,CARLYNNE,Female,N,High,16.0,Yvens,Married,0.0,0.0,0.0,1.0,0.0,0.0,0.0,2.0,Programmer IV,28528.0,59958e9be557cd60215581c1,2017-08-17 12:39:38.192,21904,348,credit card,positive,1.0
1.0,32.0,3,100000.0,0.0,EDI,Female,N,High,16.0,Genever,Married,0.0,0.0,0.0,0.0,0.0,0.0,0.0,1.0,Teacher,10910.0,59958e9be557cd60215581c5,2017-08-17 12:39:38.192,21907,136,credit card,neutral,0.0
0.0,35.0,4,100000.0,31689.0,WINDHAM,Male,N,Medium,16.0,Bollom,Married,2.0,0.0,0.0,1.0,0.0,0.0,1.0,1.0,Computer Systems Analyst I,8318.0,59958e9be557cd60215581c6,2017-08-17 12:39:38.192,21908,3588,credit card,positive,2.0
0.0,49.0,3,300000.0,66343.0,RHONDA,Female,N,Low,15.0,LeEstut,Married,4.0,0.0,0.0,1.0,0.0,0.0,0.0,0.0,Chemical Engineer,0.0,59958e9be557cd60215581c0,2017-08-17 12:39:38.192,21424,542,credit card,positive,1.0
1.0,50.0,6,100000.0,0.0,SHAWNA,Female,N,Medium,16.0,Capper,Married,0.0,0.0,0.0,0.0,0.0,0.0,0.0,1.0,Administrative Assistant III,14706.0,59958e9be557cd60215581c9,2017-08-17 12:39:38.192,21929,4775,credit card,neutral,0.0
0.0,33.0,3,300000.0,34313.0,ISACCO,Male,N,Low,15.0,Greer,Married,3.0,0.0,1.0,1.0,0.0,0.0,0.0,1.0,Tax Accountant,16250.0,59958e9be557cd60215581cb,2017-08-17 12:39:38.192,21930,1878,credit card,positive,2.0
0.0,47.0,6,100000.0,19117.0,LOUIS,Male,N,Low,16.0,Anning,Married,1.0,0.0,0.0,0.0,0.0,0.0,0.0,2.0,Registered Nurse,9005.0,59958e9be557cd60215581c4,2017-08-17 12:39:38.192,21966,127,credit card,neutral,0.0
0.0,36.0,3,300000.0,6389.0,BAT,Male,N,Low,15.0,Basilone,Married,1.0,0.0,0.0,0.0,0.0,0.0,0.0,2.0,Accounting Assistant I,23828.0,59958e9be557cd60215581cd,2017-08-17 12:39:38.192,21784,701,credit card,neutral,0.0
0.0,28.0,5,300000.0,5390.0,DORICE,Female,N,Medium,15.0,McIlwraith,Married,1.0,0.0,0.0,0.0,0.0,0.0,0.0,0.0,Technical Writer,0.0,59958e9be557cd60215581ca,2017-08-17 12:39:38.192,21673,2859,credit card,neutral,0.0
0.0,52.0,4,300000.0,19323.0,MALCOLM,Male,N,Low,15.0,Palmar,Married,2.0,0.0,1.0,0.0,0.0,0.0,0.0,0.0,Nurse,0.0,59958e9be557cd60215581c7,2017-08-17 12:39:38.192,21912,3646,credit card,positive,1.0
1.0,45.0,5,300000.0,0.0,WEST,Male,N,Medium,15.0,Finci,Married,0.0,0.0,0.0,1.0,0.0,0.0,0.0,0.0,Statistician III,0.0,59958e9be557cd60215581c3,2017-08-17 12:39:38.192,21905,869,credit card,positive,1.0
0.0,63.0,4,300000.0,12564.0,WHITTAKER,Male,N,High,15.0,Birkett,Married,1.0,0.0,1.0,0.0,0.0,0.0,0.0,2.0,Senior Cost Accountant,27144.0,59958e9be557cd60215581cc,2017-08-17 12:39:38.192,21931,2867,credit card,positive,1.0
1.0,47.0,3,300000.0,0.0,MOYRA,Female,N,High,15.0,Wasteney,Married,0.0,0.0,0.0,1.0,0.0,0.0,0.0,4.0,Health Coach II,78272.0,59958e9be557cd60215581c8,2017-08-17 12:39:38.192,21916,2416,credit card,positive,1.0
0.0,39.0,6,100000.0,40701.0,BURNARD,Male,N,Medium,16.0,Gaskoin,Married,2.0,0.0,0.0,0.0,0.0,0.0,0.0,0.0,Recruiting Manager,0.0,59958e9be557cd60215581cf,2017-08-17 12:39:38.192,21881,3378,credit card,neutral,0.0
0.0,30.0,6,300000.0,11859.0,HOLDEN,Male,N,Low,15.0,Verrechia,Married,1.0,0.0,1.0,0.0,0.0,0.0,0.0,1.0,Database Administrator III,10962.0,59958e9be557cd60215581d0,2017-08-17 12:39:38.192,21945,414,credit card,positive,1.0
0.0,30.0,2,100000.0,27267.0,MICK,Male,N,High,16.0,Churchyard,Married,2.0,0.0,0.0,0.0,0.0,0.0,0.0,0.0,Payment Adjustment Coordinator,0.0,59958e9be557cd60215581ce,2017-08-17 12:39:38.192,21934,1293,credit card,neutral,0.0
0.0,49.0,4,100000.0,36643.0,GAULTIERO,Male,N,Low,16.0,Royle,Married,2.0,0.0,0.0,0.0,0.0,0.0,0.0,1.0,Payment Adjustment Coordinator,19661.0,59958e9be557cd60215581d1,2017-08-17 12:39:38.192,21948,895,credit card,neutral,0.0
0.0,58.0,5,800000.0,3344.0,NATASHA,Female,N,Medium,18.0,O'Hanlon,Married,1.0,0.0,0.0,0.0,0.0,0.0,0.0,0.0,Research Nurse,0.0,59958e9be557cd60215581d4,2017-08-17 12:39:38.192,22010,1519,credit card,neutral,0.0
0.0,26.0,2,100000.0,30968.0,ZILVIA,Female,N,Low,16.0,Mulqueen,Single,2.0,0.0,0.0,0.0,0.0,0.0,0.0,2.0,Teacher,40711.0,59958e9be557cd60215581d2,2017-08-17 12:39:38.192,21823,3688,credit card,neutral,0.0
1.0,39.0,5,100000.0,0.0,HERCULIE,Male,N,High,16.0,Lugton,Married,0.0,0.0,1.0,0.0,0.0,0.0,0.0,1.0,Structural Engineer,3910.0,59958e9be557cd60215581d3,2017-08-17 12:39:38.192,21970,1401,credit card,positive,1.0
0.0,33.0,6,100000.0,18345.0,TONIA,Female,N,High,16.0,Lagneaux,Married,1.0,0.0,0.0,0.0,0.0,0.0,0.0,0.0,Human Resources Manager,0.0,59958e9be557cd60215581d5,2017-08-17 12:39:38.192,22071,1919,credit card,neutral,0.0
0.0,63.0,6,300000.0,5797.0,KIRI,Female,N,High,15.0,"Torns,",Married,1.0,0.0,0.0,0.0,0.0,0.0,0.0,3.0,VP Quality Control,38528.0,59958e9be557cd60215581d7,2017-08-17 12:39:38.192,21994,746,credit card,neutral,0.0
0.0,30.0,2,100000.0,6890.0,LEOLA,Female,N,High,16.0,Escalante,Married,1.0,0.0,0.0,0.0,0.0,0.0,0.0,1.0,Safety Technician IV,7565.0,59958e9be557cd60215581d6,2017-08-17 12:39:38.192,21976,3782,credit card,neutral,0.0
1.0,49.0,2,300000.0,0.0,RODERICH,Male,N,Low,15.0,Kopman,Married,0.0,0.0,0.0,0.0,0.0,0.0,1.0,1.0,Software Test Engineer III,23374.0,59958e9be557cd60215581d8,2017-08-17 12:39:38.192,21999,646,credit card,positive,1.0
0.0,29.0,2,300000.0,4553.0,ALBRECHT,Male,N,Medium,15.0,Fennell,Married,1.0,0.0,1.0,0.0,0.0,0.0,0.0,0.0,Design Engineer,0.0,59958e9be557cd60215581da,2017-08-17 12:39:38.192,22048,479,credit card,positive,1.0
1.0,24.0,6,300000.0,0.0,DUNC,Male,N,High,15.0,Nattriss,Single,0.0,0.0,0.0,0.0,0.0,0.0,0.0,1.0,Paralegal,23432.0,59958e9be557cd60215581d9,2017-08-17 12:39:38.192,21937,1911,credit card,neutral,0.0
1.0,32.0,6,300000.0,0.0,RODRIGO,Male,N,High,15.0,Dunmuir,Married,0.0,0.0,0.0,0.0,0.0,0.0,0.0,3.0,Internal Auditor,32641.0,59958e9be557cd60215581dc,2017-08-17 12:39:38.192,22003,4084,credit card,neutral,0.0
0.0,53.0,3,400000.0,57734.0,TARRA,Female,N,High,12.0,Wilkinson,Married,4.0,0.0,0.0,0.0,0.0,0.0,0.0,0.0,Paralegal,0.0,59958e9be557cd60215581db,2017-08-17 12:39:38.192,22000,4527,credit card,neutral,0.0
0.0,46.0,4,300000.0,22417.0,EDIVA,Female,N,Low,15.0,Springtorpe,Married,1.0,0.0,1.0,0.0,0.0,0.0,0.0,2.0,VP Sales,29548.0,59958e9be557cd60215581df,2017-08-17 12:39:38.192,22031,354,credit card,positive,1.0
0.0,65.0,3,800000.0,24912.0,MAGNUM,Male,N,Low,18.0,Armstrong,Married,1.0,0.0,1.0,0.0,0.0,0.0,1.0,1.0,Account Representative I,2024.0,59958e9be557cd60215581dd,2017-08-17 12:39:38.192,21882,2110,credit card,positive,2.0
1.0,53.0,5,300000.0,0.0,MILE,Male,N,Medium,15.0,Peris,Married,0.0,0.0,0.0,0.0,0.0,0.0,0.0,2.0,Social Worker,27559.0,59958e9be557cd60215581e0,2017-08-17 12:39:38.192,22027,1047,credit card,neutral,0.0
0.0,34.0,4,100000.0,20508.0,CULLAN,Male,N,High,16.0,Clack,Married,1.0,0.0,0.0,0.0,0.0,0.0,0.0,1.0,Nurse,5201.0,59958e9be557cd60215581de,2017-08-17 12:39:38.192,22009,2133,credit card,neutral,0.0
0.0,36.0,6,300000.0,44489.0,CLARA,Female,N,Medium,15.0,Cuss,Married,2.0,0.0,0.0,0.0,0.0,0.0,0.0,1.0,Marketing Assistant,5245.0,59958e9be557cd60215581e2,2017-08-17 12:39:38.192,22036,4837,credit card,neutral,0.0
0.0,35.0,6,300000.0,19006.0,WOODY,Male,N,Medium,15.0,Kerans,Married,1.0,0.0,0.0,0.0,0.0,0.0,0.0,1.0,Food Chemist,20736.0,59958e9be557cd60215581e3,2017-08-17 12:39:38.192,22039,4748,credit card,neutral,0.0
1.0,63.0,5,100000.0,0.0,ZACHARIAH,Male,N,Low,16.0,Sweeny,Married,0.0,0.0,0.0,1.0,0.0,0.0,0.0,0.0,Marketing Assistant,0.0,59958e9be557cd60215581e1,2017-08-17 12:39:38.192,21936,4855,credit card,positive,1.0
0.0,31.0,6,100000.0,16896.0,LIEF,Male,N,Low,16.0,Fiske,Married,1.0,0.0,0.0,0.0,0.0,0.0,0.0,0.0,Software Consultant,0.0,59958e9be557cd60215581e5,2017-08-17 12:39:38.192,22055,1770,credit card,neutral,0.0
0.0,60.0,2,400000.0,10247.0,LOGAN,Male,N,High,12.0,Beauchamp,Married,1.0,0.0,1.0,0.0,0.0,0.0,0.0,0.0,Editor,0.0,59958e9be557cd60215581e6,2017-08-17 12:39:38.192,22059,1885,credit card,positive,1.0
0.0,32.0,2,300000.0,27789.0,DERRIK,Male,N,Low,15.0,Thorley,Married,2.0,0.0,0.0,1.0,0.0,0.0,0.0,0.0,Editor,0.0,59958e9be557cd60215581e4,2017-08-17 12:39:38.192,22040,900,credit card,positive,1.0
1.0,25.0,2,300000.0,0.0,WHITAKER,Male,N,Medium,15.0,Jeannet,Single,0.0,0.0,0.0,0.0,0.0,0.0,0.0,1.0,Senior Cost Accountant,17945.0,59958e9be557cd60215581e7,2017-08-17 12:39:38.192,21539,2541,credit card,neutral,0.0
0.0,41.0,3,100000.0,1851.0,LEROY,Male,N,High,16.0,Flewin,Married,1.0,0.0,1.0,0.0,0.0,0.0,1.0,1.0,Financial Advisor,10219.0,59958e9be557cd60215581e8,2017-08-17 12:39:38.192,22062,3053,credit card,positive,2.0
0.0,52.0,4,100000.0,23359.0,SIMONETTE,Female,N,Low,16.0,Burnep,Married,1.0,0.0,0.0,0.0,0.0,0.0,0.0,0.0,Web Designer I,0.0,59958e9be557cd60215581e9,2017-08-17 12:39:38.192,21969,4397,credit card,neutral,0.0
0.0,45.0,6,100000.0,15952.0,NOMI,Female,N,Medium,16.0,Matfin,Married,1.0,0.0,0.0,0.0,0.0,0.0,0.0,0.0,Speech Pathologist,0.0,59958e9be557cd60215581eb,2017-08-17 12:39:38.192,21464,2323,credit card,neutral,0.0
1.0,52.0,5,100000.0,0.0,SHERIE,Female,N,Low,16.0,Alstead,Married,0.0,0.0,0.0,0.0,0.0,0.0,1.0,3.0,Quality Control Specialist,24495.0,59958e9be557cd60215581ec,2017-08-17 12:39:38.192,22076,4927,credit card,positive,1.0
0.0,61.0,6,400000.0,28085.0,ALEXIO,Male,N,High,12.0,Rodenburg,Married,2.0,0.0,0.0,0.0,0.0,0.0,0.0,3.0,Community Outreach Specialist,43040.0,59958e9be557cd60215581ed,2017-08-17 12:39:38.192,22080,4888,credit card,neutral,0.0
0.0,50.0,5,100000.0,45126.0,CORREY,Female,N,Low,16.0,Eliyahu,Married,2.0,0.0,0.0,0.0,0.0,0.0,0.0,1.0,Administrative Officer,22863.0,59958e9be557cd60215581ea,2017-08-17 12:39:38.192,22064,323,credit card,neutral,0.0
0.0,38.0,2,100000.0,2647.0,ROANNA,Female,N,Medium,16.0,Studholme,Married,1.0,0.0,0.0,0.0,0.0,0.0,0.0,0.0,Human Resources Assistant I,0.0,59958e9be557cd60215581ee,2017-08-17 12:39:38.192,22081,4848,credit card,neutral,0.0
1.0,58.0,2,100000.0,0.0,KEN,Male,N,Low,16.0,Sexten,Married,0.0,0.0,0.0,0.0,0.0,0.0,0.0,2.0,Marketing Manager,17806.0,59958e9be557cd60215581ef,2017-08-17 12:39:38.192,22088,305,credit card,neutral,0.0
0.0,33.0,4,100000.0,19125.0,SEBASTIAN,Male,N,Medium,16.0,McRannell,Married,1.0,0.0,0.0,0.0,0.0,0.0,0.0,1.0,Operator,22475.0,59958e9be557cd60215581f0,2017-08-17 12:39:38.192,22096,3775,credit card,neutral,0.0
0.0,50.0,2,100000.0,40931.0,HARRIOTT,Female,N,Medium,16.0,Pic,Married,2.0,0.0,0.0,0.0,0.0,0.0,0.0,2.0,Dental Hygienist,34148.0,59958e9be557cd60215581f1,2017-08-17 12:39:38.192,22099,1208,credit card,neutral,0.0
0.0,58.0,6,100000.0,3145.0,LORETTA,Female,N,Medium,16.0,Niven,Married,1.0,0.0,1.0,0.0,0.0,0.0,0.0,3.0,Professor,8078.0,59958e9be557cd60215581f2,2017-08-17 12:39:38.192,21741,3348,credit card,negative,-1.0
0.0,26.0,2,100000.0,15836.0,LEONID,Male,N,Medium,16.0,Rolfo,Single,1.0,0.0,1.0,0.0,0.0,0.0,0.0,1.0,Human Resources Assistant IV,10637.0,59958e9be557cd60215581f3,2017-08-17 12:39:38.192,22072,1101,credit card,positive,1.0
1.0,65.0,3,800000.0,0.0,DARRELLE,Female,N,Medium,18.0,Rapp,Married,0.0,0.0,0.0,0.0,0.0,0.0,1.0,0.0,Database Administrator IV,0.0,59958e9be557cd60215581f6,2017-08-17 12:39:38.192,22173,613,credit card,neutral,0.0
0.0,53.0,5,300000.0,23407.0,BENEDICT,Male,N,Low,15.0,Van de Velde,Married,1.0,0.0,0.0,0.0,0.0,0.0,0.0,2.0,Accountant II,19009.0,59958e9be557cd60215581f5,2017-08-17 12:39:38.192,22133,3122,credit card,neutral,0.0
0.0,28.0,5,300000.0,44345.0,CLEMENTINE,Female,N,Low,15.0,Sharpless,Married,2.0,0.0,0.0,0.0,0.0,0.0,0.0,0.0,Executive Secretary,0.0,59958e9be557cd60215581f7,2017-08-17 12:39:38.192,22136,3099,credit card,neutral,0.0
0.0,42.0,2,100000.0,38087.0,FRITZ,Male,N,Low,16.0,Shynn,Married,3.0,0.0,0.0,0.0,0.0,0.0,0.0,0.0,Geological Engineer,0.0,59958e9be557cd60215581f4,2017-08-17 12:39:38.192,22103,3002,credit card,neutral,0.0
0.0,37.0,3,300000.0,6141.0,LUCINE,Female,N,High,15.0,Kirrage,Married,1.0,0.0,0.0,0.0,0.0,0.0,0.0,0.0,Programmer Analyst I,0.0,59958e9be557cd60215581f8,2017-08-17 12:39:38.192,21681,4620,credit card,neutral,0.0
0.0,54.0,5,100000.0,1667.0,MARILIN,Female,N,Low,16.0,Bondley,Married,1.0,0.0,0.0,0.0,0.0,0.0,0.0,0.0,Senior Sales Associate,0.0,59958e9be557cd60215581f9,2017-08-17 12:39:38.192,22139,807,credit card,neutral,0.0
0.0,38.0,6,300000.0,20407.0,GARREK,Male,N,Low,15.0,Ganter,Married,1.0,0.0,0.0,0.0,0.0,0.0,0.0,0.0,Project Manager,0.0,59958e9be557cd60215581fa,2017-08-17 12:39:38.192,22028,2646,credit card,neutral,0.0
1.0,35.0,6,100000.0,0.0,DOUGY,Male,N,Low,16.0,Brunt,Married,0.0,0.0,0.0,1.0,0.0,0.0,1.0,4.0,Software Consultant,51599.0,59958e9be557cd60215581fb,2017-08-17 12:39:38.192,22142,1380,credit card,neutral,0.0
0.0,30.0,4,100000.0,9840.0,MADALENA,Female,N,High,16.0,Fawke,Married,1.0,0.0,0.0,0.0,0.0,0.0,0.0,3.0,VP Quality Control,49123.0,59958e9be557cd60215581fc,2017-08-17 12:39:38.192,21672,2255,credit card,neutral,0.0
0.0,29.0,2,300000.0,3154.0,REYNA,Female,N,High,15.0,Keohane,Married,1.0,0.0,1.0,0.0,0.0,0.0,0.0,2.0,VP Quality Control,27535.0,59958e9be557cd60215581fd,2017-08-17 12:39:38.192,22143,368,credit card,neutral,0.0
0.0,58.0,2,800000.0,8848.0,ANNE,Female,N,Low,18.0,Mayhou,Married,1.0,0.0,1.0,0.0,0.0,0.0,0.0,1.0,Senior Quality Engineer,4698.0,59958e9be557cd60215581ff,2017-08-17 12:39:38.192,22151,319,credit card,neutral,0.0
1.0,65.0,6,100000.0,0.0,RAND,Male,N,Low,16.0,Kilcullen,Married,0.0,0.0,0.0,0.0,0.0,0.0,0.0,1.0,VP Quality Control,24797.0,59958e9be557cd60215581fe,2017-08-17 12:39:38.192,22145,1571,credit card,neutral,0.0
0.0,66.0,4,100000.0,21142.0,MOMMY,Female,N,High,16.0,Ruby,Married,2.0,0.0,0.0,0.0,0.0,0.0,0.0,0.0,Senior Developer,0.0,59958e9be557cd6021558201,2017-08-17 12:39:38.192,22083,4293,credit card,neutral,0.0
0.0,23.0,2,300000.0,10501.0,ALLIE,Female,N,High,15.0,Warwicker,Single,1.0,0.0,1.0,0.0,0.0,0.0,0.0,2.0,Chemical Engineer,15483.0,59958e9be557cd6021558200,2017-08-17 12:39:38.192,21544,4658,credit card,positive,1.0
0.0,41.0,3,100000.0,14128.0,SENA,Female,N,High,16.0,Eggleson,Married,1.0,0.0,0.0,0.0,0.0,0.0,0.0,2.0,Programmer Analyst IV,34822.0,59958e9be557cd6021558202,2017-08-17 12:39:38.192,22152,4341,credit card,neutral,0.0
0.0,67.0,2,100000.0,1903.0,ABBI,Female,N,High,16.0,Inmett,Married,1.0,0.0,0.0,0.0,0.0,0.0,0.0,0.0,Business Systems Development Analyst,0.0,59958e9be557cd6021558204,2017-08-17 12:39:38.192,21588,4305,credit card,neutral,0.0
1.0,26.0,5,100000.0,0.0,ELNORA,Female,N,Medium,16.0,Agus,Single,0.0,0.0,0.0,1.0,0.0,0.0,0.0,1.0,Graphic Designer,16849.0,59958e9be557cd6021558203,2017-08-17 12:39:38.192,22161,3750,credit card,neutral,0.0
1.0,60.0,5,100000.0,0.0,LAURALEE,Female,N,High,16.0,Innocent,Married,0.0,0.0,0.0,0.0,0.0,0.0,0.0,1.0,Operator,13561.0,59958e9be557cd6021558205,2017-08-17 12:39:38.192,22181,1184,credit card,neutral,0.0
0.0,48.0,5,100000.0,29383.0,TOBIN,Male,N,High,16.0,Boykett,Married,2.0,0.0,0.0,0.0,0.0,0.0,1.0,0.0,Food Chemist,0.0,59958e9be557cd6021558207,2017-08-17 12:39:38.192,21851,590,credit card,positive,1.0
1.0,61.0,2,100000.0,0.0,LIA,Female,N,Low,16.0,Pablos,Married,0.0,0.0,0.0,0.0,0.0,0.0,0.0,3.0,Librarian,17866.0,59958e9be557cd6021558206,2017-08-17 12:39:38.192,22183,2744,credit card,neutral,0.0
0.0,42.0,5,300000.0,27062.0,YETTA,Female,N,Medium,15.0,Riccardi,Married,3.0,0.0,1.0,0.0,0.0,0.0,0.0,0.0,Financial Analyst,0.0,59958e9be557cd6021558209,2017-08-17 12:39:38.192,21649,3705,credit card,positive,1.0
1.0,43.0,5,100000.0,0.0,HARBERT,Male,N,High,16.0,Sanchiz,Married,0.0,0.0,0.0,0.0,0.0,0.0,0.0,1.0,Structural Engineer,6052.0,59958e9be557cd602155820a,2017-08-17 12:39:38.192,22190,616,credit card,neutral,0.0
0.0,48.0,2,100000.0,12224.0,LANNY,Female,N,Low,16.0,Chritchlow,Married,1.0,0.0,1.0,0.0,0.0,0.0,0.0,0.0,Financial Advisor,0.0,59958e9be557cd602155820b,2017-08-17 12:39:38.192,21474,4398,credit card,neutral,0.0
0.0,41.0,6,100000.0,19228.0,LUSA,Female,N,High,16.0,Craft,Married,1.0,0.0,0.0,0.0,0.0,0.0,0.0,3.0,Help Desk Technician,58994.0,59958e9be557cd6021558208,2017-08-17 12:39:38.192,22187,293,credit card,neutral,0.0
1.0,28.0,3,300000.0,0.0,HARALD,Male,N,Low,15.0,Imbrey,Married,0.0,0.0,0.0,0.0,0.0,0.0,1.0,0.0,Pharmacist,0.0,59958e9be557cd602155820c,2017-08-17 12:39:38.192,22192,843,credit card,negative,-1.0
